yaw,pitch,roll,ear,mar,eb_ratio,gaze_ratio,label
9.093905505286836,167.5271930868958,0.24543999116032872,0.35696105288148244,0.03773584905660377,0.2562345727607095,1.11498100591705,1
8.658338145579473,167.20511357615248,0.46769067440463974,0.35071677668375667,0.0,0.25132626453814794,1.1223173482070987,1
9.376436361852937,167.9193442942719,0.33409612266740984,0.3515163047643403,0.018518518518518517,0.24991670190390158,1.11921636292107,1
9.351145614244825,166.57417530073886,0.2091072312380776,0.3698213524177505,0.0,0.25184498882581136,1.1149621605372033,1
9.796963407607825,167.61684159135655,0.00977446738464919,0.3561325116852264,0.0,0.2518651370956,1.1090823896839748,1
10.1418048049366,168.01846364930924,0.17999495464064913,0.36607603338681327,0.0,0.2592769809197533,1.1178403454030195,1
10.460810614004922,169.96540401184203,0.7229593104646509,0.36969705536056857,0.0,0.2666157841016918,1.1152448605911387,1
10.729850716202733,168.38110360294638,0.36929550966880226,0.3723817307994281,0.0,0.2614999438901324,1.1259230937902813,1
9.469566265214707,168.01491106412172,0.5396064274913279,0.3557292482773529,0.0,0.25375954985819815,1.126049768377214,1
9.54562733429937,169.013494673799,0.6765940036232936,0.3630842084693878,0.0,0.24815648423856668,1.1259401301935776,1
9.129821324346107,168.04360228462517,0.42218845557009765,0.3424630756498645,0.0,0.2602567576879554,1.1198374613010207,1
8.604073259797232,166.18451162096991,-0.026807392241992786,0.3471505312756977,0.0,0.2623500924232445,1.1159776228690057,1
8.447746197714485,165.9039814449682,0.0466947781994348,0.3460412274310779,0.039929785312496247,0.2584033208239363,1.1198033664623126,1
8.94759322346631,166.51366046262748,0.2975064817450896,0.36258260702934986,0.0,0.2619921266753491,1.1181902548687421,1
8.543902428560477,167.16664348721957,-0.09909131113236053,0.3531225906534571,0.0,0.26054298344565624,1.123309009327948,1
9.628679762359127,166.65093205079114,-0.8087578326190494,0.3589151445221427,0.01817881366751496,0.2629844226275353,1.129399334494515,1
10.068561089444112,164.53206006406887,-0.6755881187363857,0.35720475909234073,0.0,0.26537907530915494,1.1353900314180971,1
9.909944462097368,163.75122029004186,-1.5500803782191497,0.3596970755239356,0.0,0.26151568454386737,1.1323211157801154,1
9.143236773134277,163.83861131555767,-1.2997355210347277,0.3721192774209391,0.017541160386140585,0.2596527321945349,1.1340507400189317,1
9.63987869801111,165.68757904193768,-1.62506750646243,0.38258703275399025,0.01817881366751496,0.27037978742198104,1.114919934408564,1
8.821449565506477,164.91393100333383,-1.9209019922480548,0.3688511051229637,0.018518518518518517,0.27472114123784536,1.1179308193005897,1
7.8486518132537135,162.33874071874453,-1.1614491519543113,0.3482727912450984,0.0,0.26398193976272455,1.1189398442756562,1
9.399661680447977,167.0714859185166,-1.0384553948428972,0.37107705750336506,0.0,0.27675352350375987,1.1178234200444852,1
8.974342440448865,171.59671023088316,0.6113329332436982,0.3568548387096774,0.0,0.288707192161845,1.1289655444181985,1
11.655953346538663,170.6419175218435,-0.5082862650724067,0.3565954284085398,0.0,0.26819441142866496,1.1217784515071765,1
9.221342460629058,168.58919177303343,-0.5241747558061698,0.3684751232103056,0.017238817250844786,0.2836819880937617,1.1089016414700121,1
9.028749358854451,169.32852799805687,-0.7456869780538404,0.3504338275852934,0.01818181818181818,0.26514294430788343,1.1062939477424854,1
11.694592601903333,171.59696557877592,-1.2945717380231376,0.3635108682712455,0.039185566695354605,0.2728108425573832,1.115370868192336,1
9.360752055261965,169.25641502344993,-0.5522112709107053,0.3589207140973927,0.0,0.2728072073380184,1.1068832011527645,1
9.491149109755856,168.24139470576588,-0.9174936218101879,0.36313317925703625,0.08,0.2549624755361058,1.1192188756911792,1
8.666582900900773,170.51864702853757,-0.5305757803623676,0.3548243890606194,0.0,0.2489888916099506,1.1176331839144973,1
7.008828103763589,163.24119333940197,-1.6338106889079325,0.36959065725392914,0.019230769230769232,0.25740739923078054,1.1269810446793846,1
8.277236418484184,162.4436764794348,-2.0537686221029734,0.3593623435365488,0.0,0.2450058852890052,1.1327584713716434,1
7.629833253598437,161.92387532572897,-1.6058536710767835,0.35168251248710014,0.0,0.24802926088035732,1.1266689528177691,1
7.349025382425579,164.26541326305386,-1.1077383666671625,0.3517793562936014,0.0,0.2551708138434283,1.1268351712808946,1
6.673164087597351,167.3011137494417,-0.6628638009067263,0.35518860463722696,0.01960407493444558,0.2626608524133359,1.1432687827009953,1
8.161576007664847,167.39930547340103,-0.6031319416695686,0.36275104408261327,0.0,0.26405644845630244,1.1389073867231145,1
6.458264028090156,170.06964989066915,-0.47657346719547705,0.3626261115433558,0.0,0.25891897062738345,1.1171076082416533,1
7.5487366457777085,168.20692521813456,-0.1221100744632241,0.3562298039355971,0.0,0.25021755374007343,1.1231466970856798,1
7.833572251018718,166.48737880176796,-1.0294940907331742,0.35696105288148244,0.0,0.24935809699003564,1.1253300396008836,1
9.243212609819452,168.72599686135,-0.4923355378719541,0.35740608719474787,0.0,0.25143941185778423,1.1253038744121402,1
8.859171186022927,167.16060464713652,-0.3725047195264551,0.36923113924845663,0.0,0.2538928163573896,1.1197144732218667,1
8.866886335771788,168.48985260916805,-0.5022060942244111,0.34927484405214454,0.018867924528301886,0.24639545855986494,1.1239015480012473,1
4.230508044617543,168.82141326755385,0.11947517276422275,0.3793103448275862,0.019227214231343204,0.26092624748122156,1.0958544036664633,1
5.60988054617818,168.3671106036178,0.1435294748054301,0.3715546829719272,0.0,0.2523627737284728,1.1104003733612298,1
8.468537790612253,170.4835061623285,-0.36218507341548595,0.37549556146642304,0.0,0.2615336880735868,1.1017314461871788,1
8.102008310721477,169.99054914231837,-0.03520893549313711,0.36275104408261327,0.0,0.258051292671393,1.1224130589485757,1
7.704913861321344,172.40373916928746,-0.2129050015309234,0.3742137409220171,0.0,0.2571437209944705,1.118404650808282,1
7.39478730662269,173.93587077749592,0.4124749932104571,0.36597655365161263,0.0,0.25829264983575634,1.1154585607694458,1
6.31282954261475,176.2673278421167,0.5586125064433708,0.3528856383012659,0.0,0.2537277647499005,1.1172239366275716,1
6.8140758634621985,175.21279076352528,0.156067745174635,0.35036893538699665,0.0,0.26364921029191885,1.1104878106889498,1
7.260301656153606,174.99813972592452,-0.4019290234194251,0.3563187332332298,0.0,0.2435007055428684,1.1114898175098582,1
6.886101703033137,172.84162689728737,-1.3405870429725264,0.3613785866863783,0.0,0.24844115913039186,1.1169110083207008,1
7.2481897477510175,171.5337908591753,-1.3081988436643903,0.36958581132925805,0.0,0.2494150692530839,1.1202447265518987,1
6.744262233387909,172.4779169003304,-0.884658571570199,0.36320919109810196,0.0,0.25223108610471545,1.1166834680923334,1
6.563521611143117,171.79855612044327,-0.6996896516132898,0.35575471303853307,0.0,0.2521357293959938,1.1114611638693135,1
7.172713470506484,173.0278261133715,-0.6444894652643848,0.36908996837056174,0.0,0.26117008491792615,1.125791730486854,1
7.360961353821411,175.7154329297523,-0.2889764990542409,0.3535708741225631,0.0,0.2655502614019513,1.1205178936960087,1
7.967299773565782,173.41939229752882,-0.5282812150497728,0.3600807455017289,0.0,0.2607765458346597,1.1348861024370485,1
9.12441351821027,172.41095681502438,-0.04319609672406071,0.36663334799387876,0.018518518518518517,0.25555128935965976,1.1350394064782323,1
8.863209593446062,174.0941112300183,0.20015268303349287,0.37875789456128905,0.018518518518518517,0.2434911712643729,1.1299847013838968,1
6.886436840628297,171.8667052568836,0.3707367369840238,0.3703636127992623,0.018515344006020947,0.25070915874448796,1.1332527773938714,1
7.085012569502378,174.98916532684552,0.32996564242680343,0.37241090724232684,0.03636363636363636,0.2501416338758557,1.1331132820973437,1
5.413785923943787,173.29621210869416,-0.2569718619832424,0.36320919109810196,0.0,0.2400538830261011,1.1254356317695557,1
6.102975540441467,173.4949357177726,0.08074146094425613,0.3562165465196738,0.018518518518518517,0.2539588101327926,1.1176888928711777,1
6.653886778092656,174.76086984098103,0.20187335240528942,0.353566614324189,0.018864566947613626,0.2567512681617048,1.108594859874178,1
8.522705832004444,175.29087938197276,0.6610742234099991,0.36186232595807544,0.0,0.25822625050728737,1.1085143981029753,1
8.926931136092138,175.77784940720093,0.8152049270822452,0.3637001739269236,0.0,0.25171441128277544,1.11777143695125,1
8.770125065636421,176.7037710676723,0.6551821282393446,0.3551244714108,0.0,0.2451829833974277,1.1234031873191075,1
6.3120009057663955,175.85584229064554,0.5663138992289064,0.3714343225730198,0.0,0.2496530795125162,1.1232793890277115,1
7.272584645637673,176.40535724862934,0.6983911065428933,0.37032505096437407,0.0,0.24660633066702886,1.127275651468647,1
7.746368150496253,171.69017769549978,-0.019763424754589826,0.35056477725162993,0.0,0.24808902183180098,1.1145415512026693,1
6.971509165811399,174.94827262229012,0.40888537026982713,0.369142716777324,0.0,0.2521211321139896,1.1239883242783153,1
6.588349610311633,174.71590503524047,0.6476836763382829,0.35957651015841663,0.018864566947613626,0.25034732484826094,1.1144488973688784,1
6.576576085672928,173.52138471864558,0.37651949478702823,0.3749085142663273,0.0,0.24232137832164655,1.1296111405838352,1
6.066961735949301,174.64214792523217,0.8176870840292225,0.3778050877074227,0.0,0.24011918803675877,1.1215469811543257,1
4.918318264112563,173.68341995795376,1.1574871706949148,0.3698213524177505,0.0,0.246626384315425,1.1239242468409105,1
5.432022407549626,173.62855230074186,0.8371448555364808,0.37537787873782796,0.0,0.2503317278828748,1.114503361715301,1
4.797999517667443,173.75707841775488,0.7725907850160011,0.350198962596894,0.0,0.2479991760358077,1.1144488973688784,1
4.65293784256507,173.40258629067256,1.0825362504431026,0.3716674773769487,0.0,0.24803685296952052,1.1179762916482847,1
4.955592656768077,173.3222703343908,1.0218622174066943,0.3680843122386356,0.0,0.24805133697360945,1.1093159507670334,1
5.710035281706835,173.44095882023137,1.0430970639068775,0.36384597212427244,0.0,0.2479991760358077,1.1197964973958754,1
7.3111672602562585,172.86408367085176,0.6605701937729177,0.368197199813589,0.018864566947613626,0.24962774979985458,1.1143684355976757,1
7.184714044730576,175.13091492293876,1.3861919257691957,0.3616845997240995,0.018854504950126014,0.24657452302070476,1.1182656912456237,1
7.161615148990658,176.57221398682583,1.5537917985814769,0.35318325055208344,0.0,0.25064524353992357,1.1182656912456237,1
7.994346241521261,174.82745805809347,1.7293314814386933,0.3643073381845403,0.0,0.2526759724078297,1.11312189249772,1
8.289183047804846,175.70112784199415,1.51289660410726,0.36769350126696543,0.0,0.24943666293034386,1.1091768917692417,1
7.428480605019624,173.4864402289975,1.2989455042442668,0.36186232595807544,0.0,0.24506905935975573,1.1053023236324897,1
8.715936983716643,174.38072641778174,1.247705699222481,0.37030016868404425,0.0,0.24141155187819124,1.1182656912456237,1
6.483032004626255,174.64518687419556,1.1135826417196033,0.3558387478729804,0.0,0.24136116910377703,1.114413514063698,1
7.688347565228147,174.8096770983261,1.1463152254771876,0.3699457857372688,0.0,0.24574632143538666,1.1236486745778012,1
7.36923886842621,174.37577292812182,0.8400049292291072,0.3699708409295126,0.0,0.24579707344878074,1.1237619877112681,1
8.028711580661641,174.46747946333892,0.5347360028520436,0.37115829098014813,0.0,0.24579707344878074,1.1177571991869732,1
6.409526244433259,173.277517691602,0.713242121752133,0.3527851694934456,0.018854504950126014,0.24574632143538666,1.1053023236324897,1
5.710070151355696,174.71617439052525,0.8155154672525764,0.3680843122386356,0.0,0.2501002983994311,1.1146111564985208,1
5.978242633364101,173.9142517851574,0.5646338310969042,0.353473996182162,0.0,0.2508984474222088,1.1086493242206004,1
5.551078691946185,173.33668237618926,0.7095690242848258,0.3774801300606079,0.0,0.246626384315425,1.129211437706125,1
5.744459782598465,173.5311186880915,0.8818833677774338,0.3450731383012659,0.0,0.2451502519809105,1.1236254744459504,1
6.77566120063464,172.3198995127627,0.3235568005679667,0.36188455536056857,0.0,0.24579707344878074,1.1271329444145004,1
5.382517486251405,174.3254221261912,1.0495488186146893,0.35901050066372114,0.0,0.24579707344878074,1.1146656208449435,1
5.607733919842743,173.9196097406323,0.8783499516797779,0.3587121176522848,0.0,0.24232137832164655,1.1091768917692417,1
5.491779053145214,174.15898158617793,1.1120390150179857,0.35861968969205105,0.0,0.2523940278255794,1.1145549781553212,1
5.317110903465117,174.35718298708795,0.7965194383430492,0.36186232595807544,0.0,0.24873578182591505,1.1050424493590956,1
7.024221521063665,174.53062641182646,0.9407140268356785,0.36046129449252406,0.0,0.250964212380273,1.1236486745778012,1
6.83535654961306,174.77343520324308,0.8243880814320951,0.3680843122386356,0.0,0.2501002983994311,1.1091768917692417,1
5.592792024883636,174.25981905033294,1.2208327968811696,0.3620420752659733,0.01960407493444558,0.246626384315425,1.1238101183185933,1
7.026873936053354,174.96379915728616,1.1266169306434477,0.36046129449252406,0.0,0.250964212380273,1.1236486745778012,1
6.647569016273417,175.94990488934926,1.2713668836611887,0.36769350126696543,0.0,0.246626384315425,1.1091768917692417,1
5.433086381012903,174.18913721784003,0.5188597825440073,0.38342501934216566,0.0,0.246626384315425,1.114800948151276,1
3.6804308060050746,173.98526913336292,0.9223799287722022,0.3672352586519958,0.0,0.243746330979831,1.1072573193928303,1
4.45586986523557,174.01968233969097,0.9938259464485288,0.35000412073210635,0.01960407493444558,0.24456432912845685,1.109335401148311,1
4.969501236698115,172.90118107519945,1.024506523441593,0.3621796344433764,0.0,0.2479991760358077,1.1236254744459504,1
5.114146607970371,172.8654263241493,0.6290908251943996,0.36941669205354033,0.019227214231343204,0.24574632143538666,1.105324714587316,1
6.576391859757301,173.87252311628293,0.5905510351018614,0.3687519058056539,0.0,0.25101699694545454,1.1182656912456237,1
6.989335557837689,174.3803484181253,0.7484764003203278,0.36769350126696543,0.0,0.24148131968358844,1.1091768917692417,1
6.787710133087647,174.78603755080394,0.6406758104489789,0.3612937887524294,0.0,0.24011918803675877,1.1180305750886679,1
7.117945279698443,174.1220055639255,0.21079511321055902,0.36760088312493844,0.0,0.23785262925843823,1.1087896671943542,1
6.311031148534997,173.9860774399578,0.5262541643594123,0.3594627121513081,0.0,0.237956657363055,1.109335401148311,1
7.2746927781809045,175.0255457291904,0.7809684007530568,0.3763158754650835,0.0,0.234595792492325,1.1275936753062794,1
6.8613211660247195,174.07641884725672,0.7274696082834174,0.36760088312493844,0.0,0.2379084049733542,1.1094744601461026,1
6.8613211660247195,174.07641884725672,0.7274696082834174,0.3677135384199477,0.0,0.23943794229390344,1.107201545503896,1
5.359696683335848,174.17483462735174,0.4756769262202917,0.3613916993394879,0.0,0.2494474531947406,1.1033289121131904,1
4.504568194111306,175.34176247240438,0.7613837600096766,0.37589386649333545,0.0,0.24218412108624202,1.0942971010151408,1
4.931813291692627,175.6684375267562,0.7670777658390603,0.353473996182162,0.0,0.24649564948895294,1.1032996055829176,1
5.536336066575505,176.07446986130773,0.6880752597742484,0.35046236334707603,0.0,0.24649564948895294,1.1091768917692417,1
4.981910892108658,174.61349876551827,0.386448282223508,0.3757276428928125,0.0,0.24221360120902105,1.1091768917692417,1
5.108202915442945,173.61277258860304,0.5797831325745622,0.3777582857372688,0.0,0.24365006836190986,1.1182656912456237,1
4.9143100181051675,173.5605706645567,0.7135336376972032,0.3447747201192355,0.019227214231343204,0.24711773110864457,1.1032255126481871,1
6.515188600250959,174.4327678598984,0.6015221551998248,0.37514621555871486,0.0,0.24429550021412902,1.1091768917692417,1
5.141247583907106,173.91872596817828,0.7034901224921679,0.3593761251366638,0.0,0.237956657363055,1.1072573193928303,1
6.73171165591673,175.26033243601526,0.6507372149460887,0.36769350126696543,0.0196078431372549,0.2410132816481329,1.1070194285044308,1
5.559998283810058,174.87821016603414,0.9069068638334172,0.36941669205354033,0.0,0.2379084049733542,1.1029188344757666,1
6.747281584180286,174.96037094565256,0.5608427749472923,0.3688946958386819,0.01960407493444558,0.23935594360758972,1.107075198345766,1
6.698100713962309,175.77979263104686,0.8684330631898529,0.3699093577123741,0.019227214231343204,0.23583272467612004,1.1184047502434153,1
7.194386213420815,175.79949739592743,0.4631932525795093,0.3610167357729573,0.018867924528301886,0.2396139954035982,1.1034443460870398,1
6.64543877831393,175.9873619328902,0.29390836136336934,0.3559170992268843,0.0,0.23964316267506253,1.1177571991869732,1
7.474903383791854,175.96968936494878,0.3979052739246246,0.36771849758389963,0.0,0.2379856228932627,1.1093923012796656,1
8.204304862095134,174.65992247812073,0.19437219908303974,0.3617923666038253,0.0,0.24218412108624202,1.1237181282797413,1
8.315826380542587,175.10175449220793,-0.01645157328555137,0.36783138515885305,0.0,0.2379856228932627,1.1093226959838143,1
8.01816232201654,174.68615311556636,0.12976375999114753,0.3673276866122295,0.0,0.23964316267506253,1.1093923012796656,1
8.51596649427123,174.50348096344058,0.2866802780664206,0.368197199813589,0.0,0.243783697152893,1.1071515488583983,1
7.423050549869144,176.0293791642254,0.27008903822397107,0.3558153321730626,0.0,0.2358609214031613,1.1179224605651543,1
7.4790385586781,175.6431746025028,0.24124717544848512,0.35369382795643833,0.01999600119960014,0.24395521590320834,1.1237081566281377,1
9.055945289216357,176.7306520596275,0.515242945665438,0.3695065703056558,0.0,0.243783697152893,1.1236486745778012,1
8.573933144656602,175.34971166995962,0.03868829146537012,0.361330216777324,0.0,0.2472603704338747,1.1184832103705746,1
9.004019569239713,176.5122061728217,0.2057441824291635,0.36771849758389963,0.0,0.24591019702378383,1.107318801050257,1
9.773408005056522,175.67660124919445,-0.8048852764570821,0.3594838920163896,0.0,0.23931103316623034,1.109404854850251,1
9.882252222545722,174.8046597611957,-0.5364202883509813,0.34523809523809523,0.0,0.2430332902681595,1.136817578123957,1
9.238393322217151,174.8627944395265,-1.2575023068119424,0.3752340837697583,0.018515344006020947,0.24218412108624202,1.122420473886749,1
11.287790900065259,175.07511539393485,-1.3106381724671539,0.3697155017413553,0.0,0.2435834073307767,1.1352383828486314,1
11.317583412289862,174.6830049002922,-2.399478187204468,0.3696713869347654,0.0,0.2509399172396732,1.1428375632472931,1
12.94513776624624,176.30832663145284,-2.6472558682177474,0.3529648374063663,0.0,0.24497437194416957,1.1196385964540605,1
16.92143473024358,174.07251981424315,-3.316066583704637,0.3634329045368367,0.0,0.24531854801195296,1.1408965587614324,1
17.09809987400876,174.55165129374933,-3.9973900230087307,0.3791141597199863,0.0,0.24668563851241718,1.1435460378501752,1
17.955671813979926,174.04155984949776,-4.847905016753707,0.3778346062659892,0.0,0.2527483767200758,1.1567083836076606,1
19.70362283134027,173.29767891027925,-5.05152093042525,0.3647316296767287,0.0,0.2530760308632356,1.157722077677876,1
21.417074017838413,173.59558679548743,-5.506309984687992,0.3633269619453571,0.0,0.24150208378843802,1.151405220710856,1
21.148968566239983,174.2351944820013,-5.1498663653225325,0.35524579634536296,0.0,0.25002775196271704,1.1448484485832227,1
21.272063426026804,173.60343106710883,-4.923786845021376,0.38160893252434736,0.0,0.2479600311454467,1.1494781710063293,1
21.19536437551813,173.21827922071662,-5.115819696459884,0.3703984918110441,0.0,0.2446201994264834,1.1450199221999058,1
21.137370758762227,172.80948893788337,-5.076430992895828,0.36626642091076145,0.0,0.2427790213263382,1.163380745608443,1
21.071121088530386,174.30173230728835,-4.892706283126651,0.37033161649813895,0.0,0.2433781284609623,1.163953933326972,1
20.93045714914011,173.40134734050102,-5.128985474812609,0.35990935892826237,0.0,0.243732472495585,1.1640553144443366,1
21.753593764415672,174.58062749070638,-4.687887875584972,0.36117053554206957,0.0,0.245591874718109,1.1646285021628657,1
21.199265136960275,173.5654420108292,-5.369612817378016,0.361087435836272,0.020302737602678898,0.243432255968564,1.1600760196506696,1
21.03072659916261,173.77277600928247,-4.831696585537089,0.3522854597945907,0.0,0.24286794591809774,1.1602664982129696,1
21.083583481170955,173.2899829182732,-5.0810957024036885,0.36108439072122456,0.0,0.2396297623472257,1.153798621916859,1
22.27003476005993,173.76799231654888,-4.889757402189551,0.3840687206136445,0.0,0.2413101701208343,1.1597928042738872,1
21.860351845080878,173.62105784936622,-5.333636959559311,0.36224315549625885,0.0,0.2413101701208343,1.164501538747168,1
22.379116726925385,174.71829955515406,-5.09102913519917,0.3856575319295886,0.0,0.24113505720815898,1.1595502944236835,1
22.611547791831917,174.0633746907659,-5.298756090135213,0.3752636006523835,0.0,0.2413101701208343,1.1637870732208806,1
22.121881381040577,175.02602399294722,-5.074224628018061,0.3859306729770491,0.0,0.24113505720815898,1.1593606151411493,1
23.020438912454356,174.7983913324409,-5.084154248806446,0.3665792416949779,0.0,0.2390540351533643,1.1573559664646493,1
21.744507630374425,174.73894333682063,-5.082710736817835,0.3723510939074103,0.0,0.24297312815249247,1.167058230244386,1
22.038145340905615,175.36079568295543,-4.955661845412096,0.3674659460932129,0.01917412472118426,0.2427818931588935,1.1636656559111664,1
22.04858531619154,175.49979274011554,-5.069762411356789,0.38127148804458566,0.0,0.24508826684104634,1.147923254882461,1
21.933604835358924,174.48300674159822,-5.586818070114594,0.36535313500744254,0.0,0.2393093980253544,1.1396762958416207,1
21.70855999390165,173.65714285956975,-5.99400610382708,0.3715613346763849,0.0,0.24508826684104634,1.1507625610542098,1
22.141141503400355,173.90145165978174,-6.574875879148929,0.3698398727390997,0.0,0.24211445633074008,1.1540953604267639,1
24.112784141288966,173.47995024642736,-7.094115223292136,0.37924648984121256,0.019104017997521754,0.24609557939463783,1.1643089234181176,1
22.781837767998503,173.12408337106822,-7.8009459458191115,0.3660760314827546,0.0,0.252847320082509,1.1550580856244352,1
23.201045720839883,173.5909935734277,-8.067418415460264,0.3731889000131309,0.019425717247145282,0.2494939725734019,1.172666687987236,1
23.255001717630964,172.51270927353946,-8.356559905172546,0.37276465835229317,0.019370971105651492,0.24983308342775506,1.187101156514574,1
25.41547761549593,173.00117902272964,-8.347318587256275,0.3844296592929567,0.0,0.2510931235507961,1.1823195229571686,1
26.15605769534985,172.66891189467057,-8.433227657647572,0.3663652925286086,0.0,0.24498241514667593,1.1881281713023535,1
26.649526437584072,171.94874080150333,-8.89454053015918,0.37445649748311083,0.0,0.23669762110003353,1.1823195229571686,1
27.116285795983906,171.49094454211405,-9.365563616741976,0.36805067143611203,0.0,0.24056929588174394,1.1872685199174897,1
27.493414094924837,171.76122810082236,-9.582439263075033,0.37054213852905427,0.02047650389446504,0.2389371538806827,1.1780662789723408,1
28.19517194190531,172.04149397209756,-9.292450214294837,0.385139555359858,0.0,0.23463938161128864,1.1994909601527683,1
28.755832926401293,171.25255412314922,-9.574083393394044,0.3627265975032631,0.020896918976428647,0.23847738966713056,1.2177128058430884,1
29.144564227332626,171.932779280706,-9.368911559222669,0.37345785548420535,0.020896918976428647,0.23463938161128864,1.1973959713415627,1
29.461693795939446,172.25191601187123,-9.148724937414869,0.36156242481684064,0.04095300778893008,0.232085090800485,1.2225379258307376,1
29.168620443618753,172.72604902085698,-9.257555136415794,0.36547770187407286,0.020072391147592506,0.23441279381066843,1.2116406055318922,1
29.73397301622755,172.07979147931962,-9.528022600542155,0.3687721555681287,0.04079085082240021,0.2323400473193286,1.1917690307266278,1
29.32615739725922,172.51672098723762,-9.18073743307122,0.3715833837395811,0.08190601557786016,0.23467030742206085,1.1917690307266278,1
29.56038966015512,173.48901364786605,-8.749418968849474,0.3787097648431683,0.06142951168339512,0.2364212384286739,1.212637784727983,1
28.56620662116836,173.07554406480156,-8.541832838390734,0.37740611554744796,0.04028297472553804,0.236180069044831,1.200357482160547,1
28.538830989145364,172.37875647389254,-9.068351912300262,0.3759061261136281,0.029061909685954825,0.23385094121216687,1.1994253152832195,1
28.74489157094255,173.65181932405878,-8.321263737924781,0.3762441124988616,0.02915439504656608,0.2388149261922289,1.1968867653496762,1
28.60101745631192,171.66439628885732,-8.976842066221549,0.3672164966834529,0.04040610178208843,0.26100539513303855,1.184671193106387,1
27.696720239126293,169.330917425123,-9.678818066549983,0.3668915669704733,0.0,0.27619140755361693,1.1815227395124315,1
27.061738631124292,170.40241841625212,-8.947517570072351,0.3634419521477039,0.020256865075416467,0.2768738009432941,1.18241717013316,1
26.531036951968648,171.7028952453773,-8.44804449876005,0.36957165618970567,0.019806834933486603,0.2646383193511449,1.176875886991107,1
26.72039355538267,171.96141698551764,-8.066517800713335,0.3661251043790837,0.0,0.258156756789205,1.180931154507491,1
26.819074314985283,172.31036240584731,-7.7940343381758055,0.3687488720444255,0.0,0.24801494744023056,1.1812398548921283,1
27.34096161232588,173.02043974208038,-7.058056570416391,0.37362668088537965,0.020256865075416467,0.2496860297981956,1.1751679276304237,1
27.41945969809471,172.73937992825003,-7.5516010649425125,0.37853912571202514,0.0,0.25014546122256276,1.1862259294837898,1
26.800665665282942,172.4213985953654,-7.5199202376387735,0.37051483753291126,0.019806834933486603,0.2382928224142416,1.1840966471641106,1
26.165996721274244,172.5220126626152,-7.635557104196413,0.3687241031393643,0.027472112789737806,0.24208001486252456,1.1639287444245638,1
25.687550477481203,173.6498811706586,-7.446971504800626,0.3678744984063782,0.0,0.23950537014013196,1.1575590325043161,1
24.45137373815012,173.25263224607073,-7.351482337932973,0.3826679628188473,0.0187054813220765,0.2416568205837728,1.172823307830575,1
23.962084243980218,171.614267356209,-7.981173091288979,0.367507141121314,0.0,0.2461414604801624,1.1686959801292331,1
21.596971907228692,173.14673622431425,-7.466841798942271,0.37217381915706393,0.0,0.2468275356957813,1.164651252794764,1
19.700299809348785,172.55373168288614,-7.75093611761997,0.37557568220745075,0.0,0.24846881310151434,1.1280899341037625,1
17.092050472834075,173.0250451125662,-6.779767992876819,0.3569340172425705,0.0,0.24502247853293208,1.143293289068725,1
17.98198872890041,173.92977755533533,-6.380689168126908,0.36543599990230646,0.0,0.24181322746326403,1.1497396909154032,1
14.814803363595805,174.3126862938996,-5.855926922597762,0.3752908120630298,0.0,0.253486381717184,1.140731456769348,1
11.913656660854551,173.19694592180704,-6.188576909939295,0.359006066965175,0.0,0.25031795084731123,1.1189066173990674,1
11.54030371129555,174.62751627408738,-5.137551541923052,0.3602759786789727,0.0,0.24830340475926735,1.115763219582098,1
11.997538860379265,173.40650282535648,-4.430202578208165,0.3681981032269306,0.01813392394470534,0.24978448934011888,1.1159169493367256,1
10.5239663401681,171.72819982373426,-3.8156074298491616,0.36774045925888044,0.0,0.25061385198337327,1.116326910555051,1
9.054825844284295,171.00194434235883,-3.0392890144285447,0.36856315892928315,0.0,0.24456941091232884,1.1126053450574003,1
9.55343626570876,173.28432045718472,-2.10683030367394,0.3613021064594169,0.0,0.24710069996802325,1.1118115423228419,1
10.641164171664624,172.88323088730422,-1.6741884338853041,0.34819599498286885,0.0,0.24717947599615603,1.121383464621522,1
9.539479349243825,172.01177361765895,-1.4951584183196471,0.362078676202782,0.0,0.2499391760160582,1.127277814398617,1
10.406833799650903,172.67033335865182,-0.7215466455903314,0.36219156377773554,0.0,0.24997902283592333,1.1275562156594565,1
10.280585748816282,172.3932717421053,-0.808799861451211,0.3699708409295126,0.0,0.24500181211842234,1.127395779305766,1
9.327688995658168,172.92263176768697,-0.5946525457006454,0.3558387478729804,0.017857142857142856,0.24302360361476405,1.1155094652200825,1
9.193355598126141,173.67637629199606,-0.30978288743185706,0.3637532247566693,0.0,0.2421087345215314,1.1233574002114246,1
9.193355598126141,173.67637629199606,-0.30978288743185706,0.36361859629938276,0.0,0.2498845175263867,1.1233574002114246,1
9.43192159208257,174.15084534396104,-0.3564712891574869,0.36343612092730426,0.01818181818181818,0.2498845175263867,1.1235001072655713,1
8.831696766069273,173.79497524063206,-0.25805570088061847,0.36352792377019016,0.0,0.2498845175263867,1.1212112118727946,1
8.554002500491402,174.04615883363772,-0.3344813117289111,0.3717694542606376,0.0,0.24348347773801068,1.115786692353412,1
9.082899932269271,172.74472396826866,-0.1916918044602162,0.3713914457840771,0.017541160386140585,0.2498745578014968,1.1157617618779376,1
8.797770991684681,171.42949780003613,-0.44538527831561886,0.3640290465196738,0.0,0.2513660405454069,1.1154548805849434,1
8.805178806800718,171.328934667875,-0.5343056656281678,0.37021216338942053,0.017241379310344827,0.25639048696256617,1.1216376207228462,1
8.812593659670751,171.5969550121023,-0.41353102227425115,0.3535708741225631,0.017543859649122806,0.2564539106459181,1.1218048365146482,1
10.026674126311693,171.97789818892142,-0.41776203739444384,0.3693554882612772,0.0,0.2478780466776682,1.124842843816858,1
10.86383798496667,171.09679568573128,-0.8718689577818338,0.3666360002338634,0.0,0.2550484442440219,1.1277029869202284,1
9.981326948325025,171.6643961691426,-0.5837350773987405,0.3615429882612772,0.0,0.2550172223296233,1.1234703701139992,1
11.1820172252278,171.4397484058027,-0.670793229271863,0.3597800090820291,0.0,0.2498845175263867,1.132986322935182,1
12.095380764387556,171.5852756858378,-1.1095238633091984,0.3461798561966276,0.0,0.2521357293959938,1.1487107051181384,1
12.856578814025807,171.49928919662418,-1.3124641248963873,0.3683459839046437,0.01815483105328993,0.25072604149391897,1.146758849537319,1
12.434671314015304,174.65201615016318,-1.5719004720036918,0.3667562354549206,0.01883777067421859,0.24884010039114718,1.133248549955693,1
13.657589568759091,175.97719467421217,-1.6161580931538457,0.37310617977470295,0.0,0.2539695274584905,1.1438623733878603,1
15.005858346395499,178.6555918418854,-1.8654454869897892,0.36008823870218787,0.0,0.25314390765260103,1.1501504849647892,1
15.027122287684383,-179.0452979216511,-1.9406658447858052,0.37297898072140556,0.019592783347677303,0.24002720651453555,1.1385521126745424,1
15.45368764797273,179.2107080994224,-2.2495622978614374,0.36691867986160753,0.0,0.2478155991006784,1.1546936812451598,1
14.846410638832383,-179.00083828727878,-1.953305998124719,0.359487659425211,0.0,0.23930819705932696,1.1501318356529384,1
15.247421662641818,-178.01464354375747,-1.7919392247297354,0.36671848857689715,0.019198845032223247,0.2511420965952453,1.1446654513247263,1
13.319403024060438,-177.65602417297956,-1.9877180613460994,0.37705117200671245,0.0,0.24872957722004846,1.1255068392920613,1
13.817392480128978,-177.75917991328546,-2.1813931931015635,0.37764345257367304,0.0,0.23896222827538713,1.1469353842871768,1
13.25014212175943,-178.74089980005144,-2.448702133404558,0.3773306317894566,0.01917412472118426,0.24726878952254192,1.1466142536055501,1
12.709316769706662,-178.69190246508234,-1.9423983384105068,0.3751335114825877,0.0,0.24556944344961062,1.1345894773856147,1
12.92421236261488,-179.98281721974806,-1.9883362612188173,0.38361313976024564,0.0,0.24657011279802632,1.1349452715727095,1
13.387538112045165,178.17345975842827,-2.1979526234879843,0.3683461466373946,0.0,0.24432183754892756,1.1292315223532032,1
10.612138683050548,177.01439352313463,-2.36880900298114,0.36411719920074676,0.0,0.24321967406158979,1.1243504570649563,1
11.211449905343395,176.36592872876005,-2.1857282772773776,0.3714463468557412,0.0,0.24706689158574216,1.1239429683743873,1
13.155936752157048,176.3368675201535,-2.3862609171409246,0.36959522560389924,0.0,0.24305931352668272,1.1278054173465062,1
11.38105682274299,174.47798068019875,-2.2773477110545994,0.3721238535873489,0.01815483105328993,0.24710069996802325,1.1372223696253527,1
11.050246848752124,174.7615764169969,-2.179964665349213,0.370758145369205,0.0,0.24792621223483435,1.1278054173465062,1
12.633246590009671,174.2680429656379,-2.258883984188196,0.3610850386798403,0.0266406307723541,0.23943794229390344,1.1256922397357352,1
13.124605524154072,174.481433809821,-1.9141682640340092,0.3664825796541349,0.0,0.23715297992611348,1.1296708633992285,1
12.58593913716497,173.01895459662686,-2.0551743223728054,0.3613472921555933,0.0,0.24643105551398772,1.1253043941017342,1
13.317982168161093,172.84748476049927,-2.0832602300891554,0.35850251304722486,0.0,0.24783034175852245,1.1371684440776442,1
14.514077886933517,173.90750227427574,-1.8149316236893718,0.361868616701157,0.0,0.24783034175852245,1.1473859260857389,1
13.841733812058965,174.3471703930906,-1.6532369563859093,0.35900961870203857,0.0,0.24576312953936855,1.1374422214212003,1
15.093709142324643,174.4360736640008,-1.983589933843491,0.37485433172160754,0.0,0.2463810847022575,1.1414988627472864,1
14.170902916286042,175.18607919570934,-1.8050284731759834,0.3656431898411695,0.0,0.2479764964280773,1.1414988627472864,1
14.293358282567215,175.23962412858717,-1.7512580586067805,0.36511962361045974,0.0,0.239924849387233,1.1352564093740232,1
13.250458516840544,174.27677064412305,-1.9798209098634258,0.35835431931329487,0.0,0.2521390141592843,1.1357017207531255,1
14.256966082316222,175.9663713312322,-1.367179077672284,0.3745060819230164,0.0,0.2378869288364718,1.1414498947158411,1
14.373471657072901,174.83891813383863,-1.75583136323927,0.36806412152138546,0.0,0.24725859798250152,1.1348954884589786,1
13.941776597341367,173.6731801252485,-1.5164672602179452,0.374039404778468,0.0,0.24643105551398772,1.141051143894043,1
13.195637318017326,171.73934620973955,-1.863515022016447,0.36547383364532116,0.0,0.250082603669857,1.138631491082712,1
12.930112723713195,171.06137794597626,-1.9004359614095392,0.37367525512590893,0.0,0.2438133719857902,1.1224066015402125,1
12.268288195562269,172.99369624703056,-1.438704360443279,0.3732377782782883,0.0,0.25027144350835967,1.1021616970743056,1
9.033791745021906,174.75589867506008,-0.6456366390306212,0.357154806196085,0.0,0.251683679721652,1.123299715974311,1
6.954929402797592,175.20733673228995,-0.8579057602990893,0.35909284876477526,0.0,0.25399270430625437,1.1170302096228544,1
3.3485001753620063,174.9118900069876,-0.5241729939701896,0.37958850050424703,0.0,0.24225621222817542,1.0872281632764234,1
-1.0416057335364626,175.80117507267312,-0.5904048885731619,0.35892762311015447,0.018864566947613626,0.24739744120700494,1.0928656773476821,1
-6.409116766110418,174.31470492537974,-0.6242564663650626,0.36475885934356833,0.0,0.2486683993782791,1.0781708684455933,1
-7.234465594239513,175.91344828313422,-0.5140911098198289,0.37143493442963593,0.0,0.24617280814670153,1.0670122452150799,1
-8.70156698258258,175.44022145546268,-0.2838913574485504,0.37787864613617617,0.0,0.24981880248401564,1.075522523738199,1
-9.148520198322196,175.30070437852055,0.023973548167290012,0.35911826754344695,0.0,0.25735320952445256,1.0721827327726683,1
-11.927582580451242,174.90525135416803,0.34328720760597303,0.37271954249315986,0.0,0.25026934515971966,1.069045344273303,1
-11.690504152241168,174.55000435133803,0.4725542517510259,0.3737594333449258,0.018518518518518517,0.2544216534835851,1.0630874045058951,1
-10.767480704302894,174.55191885207725,0.56374795409428,0.3497923505464854,0.018518518518518517,0.24925368146812313,1.0745016702654346,1
-12.044719491817245,175.06044818182565,0.8438490563066021,0.3803444861622869,0.018518518518518517,0.25018513609099674,1.0647793869560063,1
-10.425884757531103,176.52618939759984,0.7845839077890131,0.36451587286138265,0.018867924528301886,0.2460323050472814,1.077707932562414,1
-10.287596699881046,175.5197203388779,1.3860430436382327,0.36428393395240455,0.0,0.2520921078646412,1.078026515560928,1
-9.634585843485862,175.69479692332231,1.4817275641446752,0.37286060703083224,0.0,0.2462433653927192,1.0756003247427568,1
-8.069987736694475,174.57426206426888,1.782323018694991,0.35859956619780486,0.0,0.24595991370735115,1.088943762780585,1
-6.196307890122514,176.42170098141224,2.287652707304545,0.3672916137607327,0.0,0.2458669329532834,1.088943762780585,1
-2.4046000307366766,176.4545988560847,1.710490081203822,0.3736852188362798,0.0,0.24062516049635863,1.100150034943336,1
-0.24305272046846357,172.6042475513958,2.0089822015573273,0.38031753377672695,0.0,0.23811953398757874,1.1017079522031152,1
3.070024984266463,173.99542563943274,1.0491999986756968,0.3800147596281625,0.0,0.24487554461051417,1.101657453070487,1
4.944322610368303,174.46656988558857,0.7753677998443951,0.3560227210087883,0.0,0.24174166286666396,1.0955773209082669,1
6.109396875343225,174.32498204395174,0.9857650305544177,0.3651927415332119,0.0,0.24468923529250738,1.1141812827711801,1
8.317950152908947,174.3940211563465,0.6412601173927561,0.35089207020026314,0.0,0.2440091160919607,1.1101848260145801,1
9.597205201715374,175.1788182927858,0.3782307285645159,0.37334475508537757,0.0,0.2438133719857902,1.1351900617296116,1
9.9043759330031,175.19528103746273,0.1787334727043719,0.36782716916919433,0.0,0.24323373551955524,1.1292551936472326,1
10.734631323596476,174.62071196154844,-0.5192193388233886,0.3511620947294789,0.0,0.24376752762543896,1.1292595947248785,1
11.156550837811709,173.61128939979795,-0.9916733206470578,0.35077768687532784,0.0,0.2458275397541985,1.128968606807688,1
11.4180027044058,173.48510905986856,-1.2218719958627104,0.36742539567532795,0.0,0.2458275397541985,1.135057219744156,1
12.425982568353625,174.20798692561695,-0.8465018618944509,0.3590360889722042,0.018864566947613626,0.2501136011625292,1.141051143894043,1
12.240267661974709,174.15266181007829,-1.1988826258141045,0.358941371881256,0.0,0.25441735949367833,1.1353017298625139,1
13.213433626496842,174.7688355154374,-1.1024227422204806,0.36770991148652404,0.0,0.2487014233024882,1.1291007539389586,1
12.196557915542261,173.93517191694363,-1.5024834540270668,0.36818435674244265,0.0,0.24643105551398772,1.1291007539389586,1
12.25062822386338,174.28698434834496,-1.050201441204977,0.35911826754344695,0.0,0.2458275397541985,1.1158657042544171,1
11.705343371866558,173.939985008483,-0.9761179203635891,0.3681838443809957,0.0,0.2458275397541985,1.1294256662115638,1
11.462419598488447,174.19608440513412,-1.0292863486336932,0.3595482297944891,0.0,0.24521282855994894,1.1194621131570957,1
6.4866036112087375,174.7223691292971,0.24957817406357327,0.36573976923813145,0.0,0.24784787712808962,1.0989782841837494,1
3.552527349307297,175.87326691150082,1.2843180697947145,0.3732052334760304,0.017541160386140585,0.2492544712744786,1.1009075404884943,1
-5.283406430893346,177.1903482344578,2.1521364553802775,0.3694209570339245,0.0,0.24763606224362344,1.0851452075155368,1
-12.38887726520281,178.74117976228328,2.1375126688032307,0.3814324165432814,0.0,0.25429941216351254,1.061079114114449,1
-15.030526230659865,178.6176239813417,2.3973924564633182,0.3617624249123667,0.018505830254940132,0.257208908390626,1.0804609640901865,1
-18.28036221181252,177.453531213625,2.479299336658042,0.375262037408346,0.0,0.25320122095055725,1.0555817648705443,1
-19.09002441609725,177.07282666549148,2.180584079620996,0.37429024735347366,0.0,0.25169841570814094,1.0627240260831026,1
-16.072089192620847,176.39668360274572,1.9127941356209137,0.37286060703083224,0.0,0.25288701083290027,1.0725622944572335,1
-12.852579147751586,176.39524386008972,1.6575888070326046,0.37513826919994875,0.018515344006020947,0.2524066929120297,1.08869189477876,1
-8.694030974834437,177.2029191451175,0.608088711163246,0.3622555205678676,0.0,0.25129171611817597,1.0758442322903583,1
-3.466430496023475,176.53492790016642,-0.3895063134987127,0.36732070673609885,0.0,0.25122178511534377,1.0871205806708222,1
5.269165656853626,176.69163327224618,-1.0234428149856494,0.36331116798179086,0.0,0.24847217971192087,1.1135883249751444,1
9.414653011783829,177.3542231554832,-1.4056836738969396,0.37881483457573484,0.0,0.25902674706299916,1.1227930331406328,1
10.880436502580094,175.5467594450973,-1.69554058523776,0.374886669333486,0.017854296416882943,0.2520436922586342,1.1257467856927654,1
13.094422552477004,176.61928256530342,-1.5520155699283797,0.36994891841769884,0.0,0.253588819791211,1.125546903436259,1
13.725038408456959,175.2998766059396,-1.508519381273649,0.3622912508053761,0.0,0.2455693582814406,1.1423329960866035,1
12.588519010873316,174.61500719593175,-1.5225493685948623,0.3640958062748765,0.0,0.2510620489392658,1.136324979318465,1
10.140164210144743,176.77105689278153,-1.7603513298503728,0.3584767905046389,0.018505830254940132,0.24932521473481692,1.1110969862320115,1
7.891623355701852,177.40142228986636,-1.0413836125441007,0.3609885189653791,0.0,0.24783034175852245,1.1174772360985492,1
5.0898933751767474,175.7267872794677,-0.7976207508763931,0.35875264307050425,0.025712973861329,0.24302360361476405,1.107300812814093,1
4.881857749901966,176.20313715236776,-0.7786635324421957,0.3613021064594169,0.018864566947613626,0.24500181211842234,1.0987001002653587,1
4.737840947659368,176.34045179691324,-0.6745956349893867,0.3689542726035465,0.0,0.24148442043512502,1.1007877723472816,1
3.9967548425057835,175.2747526225927,-0.1881662533109406,0.3558153321730626,0.0,0.23678598665661596,1.109435128505679,1
3.2820339374797967,175.15952144471666,0.06414196578371244,0.3693320712502398,0.0,0.23964714902945772,1.1003827369258012,1
5.730398057908693,176.96380165620292,-0.215411094329707,0.3672352586519958,0.0,0.2472603704338747,1.1042360135958917,1
7.051302718497374,176.7048656321387,-0.07990278705875822,0.3591854669068023,0.0,0.24088255318614038,1.1041975746175556,1
9.311731272537202,178.23018990946434,-0.336712361011127,0.3695797976778983,0.0,0.24725051530043113,1.1235716525907422,1
9.71013951275103,176.78836323049828,-0.255020885760572,0.37777952902394296,0.019227214231343204,0.2551762912258747,1.11837319611934,1
10.187554066572401,176.92696407752152,-0.4513386577121084,0.36363596707399903,0.0,0.25047036011281815,1.117932880692042,1
9.013886443689714,178.0153316045103,-0.39700346640094564,0.3594150210181808,0.0,0.2487418934528949,1.1094451536158298,1
6.61454900746123,177.54210288377996,0.025509192903726052,0.36771849758389963,0.018867924528301886,0.24873197926992785,1.1093159507670334,1
9.939581933730542,177.96059041152208,-0.3172126669479785,0.3688177591305092,0.0,0.25292724685859413,1.1206234664045363,1
9.8610331596519,178.6763782564912,-0.5556457022223357,0.368442997024948,0.0,0.2529435691061215,1.1258807022562798,1
11.088876054308487,178.52899896642631,-0.5245803321982974,0.35064502473265885,0.0,0.2522239311811983,1.1292839207278502,1
9.458036678615082,177.99603360891788,-0.8988048155380947,0.37327849440213556,0.0,0.24657162134025104,1.1088949450555468,1
10.193079453343977,177.71314083464605,-0.4755539535103214,0.3665537748175855,0.0,0.24842289793791403,1.129262432461504,1
8.903669785266787,177.38060343553076,-0.37846199873252734,0.35540050300367165,0.0,0.2465020313321777,1.1148820193087774,1
9.621219846847294,177.72954858184966,-0.44045600679144176,0.36823485148479584,0.0196078431372549,0.25073528144144736,1.1233856632658266,1
9.892605378079187,177.362320916219,-0.2687126064418526,0.3717694542606376,0.0,0.25065008209403244,1.1124222386781755,1
8.903669785266787,177.38060343553076,-0.37846199873252734,0.36588429750671714,0.0,0.25065008209403244,1.1086408721908252,1
9.57868618499902,177.2476737747517,-0.37735809927107944,0.3774801300606079,0.0,0.23930166293450073,1.1183351449475638,1
9.3144404268281,176.55981486643168,-0.3355441109664601,0.3774801300606079,0.019230769230769232,0.23930166293450073,1.113144277304115,1
9.883364125571351,175.94794538930017,-0.35307218957551706,0.3622755986121829,0.0,0.23931103316623034,1.1183351449475638,1
8.847580356771898,175.7486027641212,-0.7897694889732787,0.3640139755505596,0.018864566947613626,0.24281092425233178,1.1094455704118122,1
9.049615349473054,176.382715740116,-0.720311852641434,0.35749581151775583,0.058812224803336734,0.2423629293941354,1.129417488267066,1
11.523022630592376,174.80881867000252,-1.6258719736724636,0.3534631072428373,0.13714948343374114,0.27981781721768,1.129311897580904,1
10.599164439796569,173.68625620118254,-1.4615690751550092,0.3826432045407984,0.1741098299982895,0.2964704387054318,1.1046916830268931,1
10.510722877112542,174.60128119356037,-0.9086172936388809,0.3487370166094862,0.19604074934445578,0.2869225206529741,1.1016869961745763,1
12.152428938228267,175.22882396031548,-0.6074778477633491,0.3515484021256233,0.19604074934445578,0.27847337846570186,1.1142199855253305,1
12.226930422710423,173.28305620516264,-0.016469036676968345,0.3677389571986194,0.23076923076923078,0.27437935482048403,1.1123318989156372,1
11.390715109873575,174.79412643700164,0.9296350696350882,0.3566840627744369,0.21568627450980393,0.2688980934331774,1.118476801462304,1
13.807332958552907,175.644646878537,1.997390261739487,0.35962820774451126,0.21995601319560154,0.2611893570527943,1.127812855206511,1
14.668862104401569,175.15445477348987,2.7823036872607942,0.3673961255174104,0.22430303232870105,0.26134501922397835,1.1335445524516894,1
16.385201249574376,174.71355845174529,4.126565363328731,0.36861680449390044,0.22991219784409947,0.2636342048359683,1.1376268311767412,1
17.951248331908626,176.62639765534533,5.515059037143402,0.365241732668255,0.22931682645752738,0.2632100826101796,1.1238888881660931,1
18.718085837911534,175.64679767313007,6.336424191711539,0.36337657902107134,0.22425106645881143,0.2544179851209827,1.127552791168174,1
17.807876405235586,175.879988983629,7.337798111210579,0.3685509067886748,0.19956577467770603,0.2506945253597186,1.1334493103922287,1
16.53537212852352,176.04836629458978,8.57174357826394,0.3587029050138554,0.15968780841177274,0.2523396432954257,1.1432491955690545,1
17.93259896875058,174.33104411421226,8.541222995120629,0.3640437473146157,0.15968780841177274,0.2737406696131396,1.1355620403275148,1
16.256952437812075,172.74872259560985,9.871292908541324,0.361102602821042,0.1823889253248012,0.3068752036607031,1.1102239743142641,1
16.45106362551314,171.2840717616349,10.894363617502611,0.34899480605903166,0.1810714920850371,0.30792387070434785,1.143362306307032,1
16.89399241007496,169.73811969177376,11.856624674752254,0.35837999682773775,0.18081014266989473,0.29157523293673704,1.147744398193384,1
17.763283311058725,171.53832074922386,14.340811780517685,0.360398467078168,0.17845765256206242,0.2829016868826781,1.1499864413499559,1
19.808785816776428,172.76091518072022,16.21787568784156,0.3540099707680509,0.1579687577983918,0.2687720796579279,1.1521941605746442,1
20.15603140897936,173.75274956417812,17.96534271617559,0.35958763495851176,0.16298006013006622,0.2666592798499863,1.1353460670244757,1
19.106046289392562,175.08625187023029,19.848061152700495,0.36933585954602977,0.14465063347222612,0.25324404177731846,1.152214647846971,1
18.36048264381581,175.77244608964088,20.35753248692881,0.367354095294493,0.10504764447787525,0.2553855410966874,1.1314252647503962,1
18.517270133784002,175.51089988393588,20.484042252877572,0.37271806534939644,0.01950685786602176,0.2553855410966874,1.1321347776771735,1
17.126858396573116,176.7667559595383,20.924454218531874,0.36133770992124636,0.0,0.25307977091480316,1.1266105187628395,1
17.86945421837439,177.33233583095395,21.099513288749684,0.36808217406430144,0.0,0.25300218048004824,1.132293573512217,1
17.61391618343886,178.41548000545922,21.36325395045483,0.3664385069464461,0.0,0.2538732717466145,1.13026654484604,1
15.743380648793558,177.850573695894,20.83461939505527,0.37820175202485573,0.01950685786602176,0.25869781643954404,1.122598328356788,1
15.698779054783936,177.8969185765771,21.385595931030185,0.3731888733255863,0.0,0.25969163577884535,1.1266144799874436,1
14.622222350539507,176.91596992374392,20.808625438075637,0.38687976916461747,0.0,0.25379543803649113,1.114311153188202,1
13.369508266297087,176.62894147997736,20.948819424325244,0.3779505069362403,0.0,0.25604401974617214,1.1202322780184648,1
13.477090939760334,175.57892834888594,20.533659681703472,0.35545010724091,0.0,0.25414350814386366,1.1341297859214015,1
14.630467918773919,174.87302557826533,20.312902847599712,0.364840758245615,0.0,0.2538732717466145,1.1239983191777503,1
14.182256333813077,174.04731775077906,20.129335082909268,0.3600235608394208,0.0,0.2766334781112819,1.1373995474420502,1
12.194885796363266,172.57845930609298,19.412905006801065,0.37450883169594296,0.0,0.296290073307826,1.122295196523805,1
11.485950277161466,171.64511252427383,18.552352554232915,0.36124493207821645,0.0,0.30542104262672326,1.1293037924913216,1
11.085343113333982,171.78941586796145,16.963111949364176,0.35793240019203254,0.018811088266103344,0.2840983485299242,1.137035115620601,1
11.359098241257598,172.96768284799464,15.650716417774143,0.3798504218286277,0.0,0.2747485518154371,1.112515219957897,1
11.978573116239406,173.82862002932416,14.296596051544956,0.3602320074280201,0.0,0.26307178705538653,1.1320684246160266,1
10.03622346242286,174.21860530748083,12.243181457700944,0.3599295612040127,0.0,0.2595469072769926,1.1001435090312999,1
9.738902436820446,171.5087300665564,10.723214170889495,0.3659851783167017,0.0,0.2523382626387082,1.1274748706341722,1
11.553619346798936,172.40116847521512,8.72309021934392,0.36015259528575283,0.0,0.25001253376549626,1.1250011108266955,1
11.05128859395773,173.13184195006068,6.996069506010077,0.3638158982708982,0.0,0.24285830446450576,1.1230985891397083,1
11.764920491901535,171.43571108647447,4.986542369592578,0.3646035817654266,0.019514284806274117,0.24892392958293294,1.1392196765089855,1
8.958017005004367,174.67161567305476,4.722690119192094,0.3620557801886839,0.0,0.24990424415985424,1.1240214493166925,1
10.54987238678648,174.78066372855005,4.079678204936855,0.36743727891888495,0.0,0.24357843402944807,1.1097818891430857,1
12.537081070955235,176.37510026230336,3.158762782369442,0.3564228628502501,0.0,0.24348143934489241,1.1132735378870988,1
11.816648342941313,174.90411986436612,1.8867018187769855,0.34493373056735155,0.0,0.23695265956587205,1.1237869181867426,1
11.00657149548125,175.06733599831517,1.3503087614732243,0.37030016868404425,0.0,0.24321967406158979,1.1236486745778012,1
11.575319115312283,176.0919612861614,0.9821933415789214,0.3668417042639656,0.0,0.2415596316598079,1.1275696265337094,1
11.445996536685222,174.67188926560402,0.3764820761071164,0.35647620004154884,0.0,0.24160775398465925,1.1333834780959178,1
10.887880376348297,174.6786555071446,-0.12682861726770547,0.3646322839774321,0.0,0.2498745578014968,1.133060069721188,1
11.268865389018252,175.50826529912098,-0.05503599309960994,0.34847475574593,0.0,0.24499221906404725,1.1329751816818383,1
11.643515796957738,176.22027989416006,-0.6073920637330888,0.3527683806185956,0.0,0.24580231058856755,1.121940342392864,1
13.01000030112548,177.0924101347491,-0.7067061585552262,0.3613890702737681,0.019227214231343204,0.24347394413407047,1.1219652728683385,1
13.681398297525982,176.76872568473485,-0.9552489928070078,0.3608020177058069,0.0,0.24296994524224808,1.1245181406302014,1
12.76370797212756,176.97848756494818,-0.8749413402765663,0.3559418890602377,0.0,0.24714992615732131,1.1336322378498767,1
12.84357082562974,177.6090359195261,-1.6525658952753246,0.3557022769846515,0.019592783347677303,0.24551828834238246,1.134004174576762,1
12.5434296911779,177.02705414910295,-1.4433435739398806,0.370974482190286,0.019216561050602196,0.2486320416546059,1.1394461513665106,1
11.85451909841733,176.81609972561458,-1.3714669745083166,0.362910707215906,0.0,0.242940898644853,1.1337280922679898,1
13.041496401347397,178.54864767451744,-1.080870786672034,0.34839812793242786,0.0,0.24865270845944684,1.1333151158704349,1
12.959015962249843,177.67451848760766,-1.3916733187724417,0.36908996837056174,0.0,0.2486320416546059,1.123900369138728,1
13.041496401347397,178.54864767451744,-1.080870786672034,0.3486811489064613,0.0,0.2486320416546059,1.1331477241767087,1
12.569153399672318,177.30782520569807,-1.3745470171305016,0.3719830538012211,0.0,0.24932521473481692,1.1331477241767087,1
11.168737081374045,176.9000168148793,-1.7193019596603238,0.3719830538012211,0.0,0.2492544712744786,1.1389025005613065,1
11.983085433831954,177.24587453780254,-1.4405448329203412,0.36915883936877053,0.0,0.24507914149220175,1.1223362423351382,1
11.330141212605962,177.43774475938,-1.5848800260348948,0.36938378836155145,0.018854504950126014,0.24669504877658405,1.1245181406302014,1
10.601912642465605,176.85549577703435,-1.6186700360012052,0.3614736150172004,0.0,0.24669504877658405,1.12414056074381,1
11.02040932742359,176.7119100509661,-1.9024032744843482,0.36456197103711263,0.0,0.25054809610299306,1.133392669798918,1
10.97258781263958,177.56564867504642,-1.5196484742010397,0.37223697344224665,0.0,0.2509399172396732,1.1337702496853095,1
10.97258781263958,177.56564867504642,-1.5196484742010397,0.37184593019063233,0.0,0.25151744213434635,1.1337702496853095,1
11.017436265233322,177.49195540305718,-1.6093884845744357,0.3720959413761745,0.0,0.24680661876212043,1.1333561555411045,1
11.017436265233322,177.49195540305718,-1.6093884845744357,0.3717809755100222,0.019216561050602196,0.2490473656719968,1.1333561555411045,1
11.017436265233322,177.49195540305718,-1.6093884845744357,0.3740630138673696,0.0,0.24680661876212043,1.127426462640078,1
11.324834533928406,177.59349800679158,-1.6133773128011595,0.3740630138673696,0.019216561050602196,0.24613672293849867,1.127426462640078,1
9.732631095236396,177.3192309452032,-1.5186818152235297,0.37974660151513795,0.0,0.25248460635823544,1.1183194475330704,1
11.377931982853815,177.52831884508456,-1.497490344029485,0.3699708409295126,0.019592783347677303,0.251011139063666,1.122189361061171,1
11.414071343516763,177.30767320421094,-1.361769623161617,0.36455218024836467,0.0,0.25087034226739374,1.1312963761681787,1
10.135090571845176,177.16104114162766,-1.2655531845561796,0.36651925273955976,0.0,0.251011139063666,1.127574645876227,1
10.68887585420076,176.33772261951188,-1.490250590885749,0.3714446551684294,0.0,0.25255626659624286,1.1183194475330704,1
10.198403537271085,177.07539647970455,-1.3581704858535006,0.3714446551684294,0.0,0.24836431752876784,1.112931708497325,1
10.102503484070626,177.41745274067952,-1.5227351458172007,0.3880799348484713,0.0,0.24607977416056245,1.112931708497325,1
10.35568694175495,177.4606419696366,-1.410249740196326,0.3641586362689305,0.019592783347677303,0.24842179500498252,1.117953826329655,1
11.377931982853815,177.52831884508456,-1.497490344029485,0.36158650259215386,0.019592783347677303,0.2489192647911682,1.124302762297523,1
10.462853983946205,177.17410422087818,-1.2522293920066356,0.3712242087519959,0.0,0.24672842431151723,1.1183631664567324,1
9.97822846719762,175.8328332969542,-1.5278434706286563,0.3713426782847405,0.0,0.25087034226739374,1.1125471659613597,1
9.83353902684953,176.3965307454719,-1.2464405474391582,0.35054304784896995,0.0,0.251011139063666,1.1271901033402618,1
9.889666225974118,176.29975686141037,-1.3407863831215878,0.37395642863120426,0.0,0.24676506582105087,1.1271901033402618,1
9.72412509056033,177.2360679945189,-1.5359887207291454,0.3582173063928511,0.019216561050602196,0.2509399172396732,1.127574645876227,1
10.797175109243407,177.30852887453466,-1.4484803783049234,0.3740630138673696,0.0,0.24507914149220175,1.1331812390246758,1
10.785975676569928,177.65325041726877,-1.498034013948576,0.37208256214310664,0.01960407493444558,0.24669504877658405,1.1183631664567324,1
11.968426676620052,177.4350199319965,-1.7327470779386536,0.37167518567004776,0.019592783347677303,0.24836431752876784,1.116424911633214,1
11.574569800184342,178.24589132898092,-1.3212183902623447,0.3583556636262184,0.0,0.2548505338632948,1.1276152755118405,1
10.848200836304196,176.96187785254278,-1.2991862383754542,0.3503015383341241,0.0,0.250620504364634,1.1273493646037847,1
11.70970639558066,176.63362008409507,-1.9257134613568696,0.36927090078659797,0.0,0.24250953697466168,1.1220691963504605,1
11.397549214398468,177.1404868080175,-1.4014448790451222,0.3801196172297425,0.0,0.250620504364634,1.1335548713526309,1
10.707190642720017,176.96189949559093,-1.558202832634352,0.35585668992222197,0.0,0.2489192647911682,1.1181791076020973,1
10.983234444343632,177.49283771140588,-1.2526597492781841,0.3699708409295126,0.0,0.25317033657796645,1.1218249329373653,1
11.118638758495797,176.7884113942484,-1.3109619578008045,0.3720959413761745,0.0,0.24667839319991872,1.1368270643599439,1
10.853821784219845,176.79915067733364,-1.0061657939210304,0.377845773183349,0.019227214231343204,0.24253562503633297,1.1219652728683385,1
10.010487185940192,177.59384202668005,-1.2675162453429587,0.35585668992222197,0.0,0.24667839319991872,1.1183194475330704,1
10.746987159980847,177.90727975604364,-1.340466410465697,0.3611276620066503,0.0,0.24672842431151723,1.1091111881737756,1
9.453416019461638,177.4641793113309,-1.0732053893910467,0.36363596707399903,0.01960407493444558,0.25314929428982896,1.1159545510627407,1
9.056981833590935,177.44698522834497,-0.9703703183027287,0.3696308140175765,0.0,0.24962774979985458,1.103733352123975,1
10.832596594827661,177.13399328613377,-0.8208653331428712,0.3677389571986194,0.0,0.2468451583469577,1.1127101327050664,1
10.510124652810482,177.16909911112043,-0.8430071114058639,0.37738848577232864,0.0,0.24253562503633297,1.1219652728683385,1
9.850993247717525,177.31594895937087,-0.8142165001632432,0.37777952902394296,0.0,0.240936048969682,1.1219652728683385,1
9.850993247717525,177.31594895937087,-0.8142165001632432,0.36960920862055147,0.0,0.240936048969682,1.1219652728683385,1
9.895592511974428,177.29204745404004,-0.7022728871444024,0.3618005205261212,0.0,0.24521282855994894,1.1219652728683385,1
9.526809145022252,177.4635964824526,-1.0718415916879207,0.3471453481123281,0.0,0.240936048969682,1.118094166260628,1
10.007602067473883,177.23585850230938,-0.906997204397924,0.36219156377773554,0.0,0.24096537716953942,1.1219652728683385,1
3.9889040268529627,179.1536697648736,-0.5886831084741828,0.3610256851229614,0.0,0.250082603669857,1.099025844425361,1
2.3548392929264783,-179.64630168781295,-0.5181907573975713,0.3610256851229614,0.0,0.2501136011625292,1.101075765780214,1
-4.827774444318728,-178.73621430717995,-0.5359382433015583,0.36092430781272355,0.0,0.2555880006121489,1.078572816813748,1
-8.952235190966837,179.8657806912013,-0.23336333147886,0.37536712155148017,0.0,0.25794349916159376,1.0696907515150589,1
-11.634210014143564,179.6224296168741,-0.2937791831057724,0.3584767905046389,0.0,0.25779322446698505,1.067609079856002,1
-14.89873607516694,179.25263072342233,-0.14718765063772396,0.3786253054475828,0.018867924528301886,0.2583888987358116,1.061008116895706,1
-17.511000115579332,177.93210923268964,0.14826854569222317,0.3695790359222728,0.019230769230769232,0.25023775679535215,1.0479796616697143,1
-20.21025375170363,177.03299201630344,0.8037443624863388,0.3830801620843491,0.018864566947613626,0.25075830325035114,1.0650408539568823,1
-20.421067299580535,175.97644496110985,1.542939902787551,0.36725591257723655,0.0,0.2518146614400774,1.0616289448555394,1
-23.44552372233418,174.83223865251452,2.2654930253064802,0.3589963050134806,0.019984019174435787,0.2530295515152346,1.0474221909049422,1
-23.762741171994726,174.68833763285875,2.760299184212194,0.36130448218515276,0.0,0.2559421343744586,1.0573638402138976,1
-24.996739263478332,175.28290415457886,2.8611890411520196,0.38430410144955324,0.0,0.2489163617921201,1.0347528790181704,1
-25.439626538229046,175.34300388338448,3.2649545998193554,0.3566489195067304,0.0,0.2559039665718252,1.0516701273187166,1
-25.01870821618565,175.70481558992722,3.4390962750032417,0.38109566907831194,0.0,0.25049022600174403,1.0370689255455796,1
-24.888696996500737,175.49947479112333,3.998590085370144,0.3666635560609277,0.0,0.24857440631705882,1.0484980689489856,1
-24.853201566894043,175.83016684444115,4.103607650517478,0.3825937397607172,0.0,0.24857440631705882,1.0509071260453549,1
-24.21371468078313,176.67344447843428,3.8119916983453983,0.3658917517965782,0.0,0.24479391960275496,1.0505792333306314,1
-24.49140904371676,177.10745522579847,4.639981077751865,0.38120430536448807,0.0,0.24457572000882433,1.0631662415100105,1
-23.47282497838764,176.73875330130258,4.447748866088662,0.35077636839659576,0.020370021093167764,0.24479391960275496,1.0593238232667834,1
-24.434069069676088,176.17450059188008,4.861019820118968,0.37585296687107816,0.0,0.24835283694716617,1.0618260266999775,1
-23.223195780948178,176.7569378232152,4.523716662549508,0.3738174301680752,0.0,0.24651690985320238,1.0549292670236567,1
-22.331899720129684,177.44349762870584,4.46360893925601,0.37341345033569484,0.028233496609684876,0.25535872741310367,1.0530473648476506,1
-21.689635125182935,176.21871622631934,4.211640916372416,0.3665538129672937,0.019984019174435787,0.26690352879497525,1.0436855924161355,1
-19.196492394364412,175.1302896393946,4.5750527197923745,0.3502709704132515,0.0,0.30707284726329165,1.0626830434833394,1
-18.059000340258116,175.70771530721592,4.53022689204934,0.37661637937428405,0.0,0.30654811937080945,1.0719683314923751,1
-15.30548048387062,177.92790737905116,3.545154914850606,0.3593355326214985,0.019984019174435787,0.29506442991558907,1.0638580363616947,1
-14.504862911506905,177.84057262792544,4.090723532148631,0.3506555392984717,0.0,0.29169282580634137,1.056366328339157,1
-14.534452614838681,177.5608193329638,4.334703554046308,0.3652800166088461,0.0,0.27875907984078896,1.0585260887082295,1
-12.102733831622842,178.90015505061533,4.164292058546555,0.35772850866833034,0.0,0.27912573786458883,1.0551312931977594,1
-11.40965705564963,179.77783015120045,4.264511820208718,0.3581107534768555,0.01813392394470534,0.27432380110897,1.06628209907751,1
-8.179445225588454,-179.31519612862246,4.088217190560992,0.36319615474251765,0.0,0.2681995389428793,1.0789325335383846,1
-5.298553606336649,177.2720787856335,4.6060478816666395,0.36945824088628804,0.0,0.26161295817857033,1.0792301929268562,1
-1.2016340032390804,177.92607839361565,4.20467388810858,0.37006087991402714,0.0,0.26181691144202796,1.0946954616143332,1
-1.4172105896065985,178.24655080240555,4.0936244566697155,0.36892365114659065,0.0,0.2648239453871017,1.080042678756351,1
0.9079574528678191,177.37145805265288,3.3363678422311134,0.3638006262060549,0.018169809053571493,0.2663651198545339,1.0981513740295843,1
3.0226815274515477,178.02155534738924,2.5823684660576407,0.3609971917210463,0.0,0.26467204876875844,1.1023603823240173,1
4.463791614543176,176.67507303725765,2.4597429130958273,0.3763920835546963,0.0,0.2569148352572449,1.106368258181603,1
6.218435879118836,175.99791440836003,2.004687923215083,0.36351040157847825,0.0,0.2661679035769848,1.109163169889818,1
6.0087292623512605,177.2851214532181,1.637000089586832,0.36948458724125655,0.0,0.25709594259655166,1.1182755155806288,1
8.642544532667088,176.86170529176914,0.3855091948073344,0.3752652234428187,0.0,0.24986939287484244,1.1093060946180384,1
7.40489550030336,175.81265902788945,-0.42495521921399376,0.3780574524206595,0.0,0.24986939287484244,1.1183525139983845,1
7.3617955736884255,176.20665929579394,-0.5543941248709009,0.37210357512276726,0.0,0.25174561103639576,1.1310608825296433,1
7.2355225904449085,175.952297500057,-1.001801881582498,0.35583289148052283,0.0,0.24692673879783136,1.1127064272248823,1
9.21890896136944,177.68580668596982,-1.0510945497751454,0.37777952902394296,0.0,0.2534740137898858,1.118646023065673,1
10.384733296063287,178.11330096152068,-1.3081862581423165,0.37750539894825025,0.018854504950126014,0.253222621813562,1.118907100842469,1
9.36699190616109,177.97990097832002,-1.4942871916689053,0.3697374811753511,0.0,0.2488473480447784,1.118907100842469,1
9.331952645094916,177.29653906143668,-1.6821616900187624,0.37184593019063233,0.0,0.2488473480447784,1.1316683128950638,1
10.058509433046265,176.82838874638256,-1.603976065147972,0.3714446551684294,0.0,0.2567149779295018,1.1128008527588187,1
10.275211560532714,177.0497689091298,-1.4354956725951844,0.36576106752066095,0.018505830254940132,0.2548505338632948,1.127426462640078,1
10.261282974942628,176.85275587588734,-1.555626860321469,0.3697374811753511,0.018854504950126014,0.250620504364634,1.1222342730644428,1
11.060959175384118,177.87167972008965,-1.2423875972784149,0.36962459360039757,0.0,0.2549031660965366,1.1226236353809118,1
11.00846297968108,177.9351830422569,-1.1530282283583528,0.36959522560389924,0.0,0.2548505338632948,1.1246805291906266,1
10.594533760115182,176.50404814955027,-1.5367861783007555,0.3699708409295126,0.0,0.2548505338632948,1.124108800503124,1
10.325947224894188,176.54092513698987,-1.4404581710353417,0.3569798985881724,0.0,0.2547769034786537,1.1333561555411045,1
10.588037305739432,176.59750288277766,-1.3268940540370282,0.36183735374287407,0.019216561050602196,0.250620504364634,1.124108800503124,1
10.63078212032984,176.510815973508,-1.4198953648755985,0.3530047319364093,0.018854504950126014,0.2489706720870615,1.124302762297523,1
10.605367770308565,177.06100318315495,-0.9224000488183046,0.36655063972618446,0.0271763212599322,0.25067226300386836,1.1271880790351987,1
10.069346644596964,176.16960380141936,-1.0152967159723032,0.3589783580659922,0.0,0.24905815012052399,1.1273278763374384,1
10.271534555906038,176.51742533417507,-1.1544142393212002,0.35585668992222197,0.019216561050602196,0.2484146905781711,1.1180692357851534,1
10.97711716976746,176.0577880497617,-0.9342372720341204,0.3695797976778983,0.0,0.24905815012052399,1.121940342392864,1
10.977196506074831,176.76531669055132,-0.732117190571183,0.3776666414489894,0.0,0.25067226300386836,1.124124837543633,1
9.721051289335369,176.58998498581204,-0.6295004740227863,0.3624694871744521,0.018854504950126014,0.249001531756908,1.124124837543633,1
9.947239948241776,177.66335108383532,-0.6689575834920861,0.3624694871744521,0.019227214231343204,0.25073027459417185,1.124124837543633,1
10.47490477105763,176.69767268943772,-0.5703936484246849,0.3719830538012211,0.019216561050602196,0.249001531756908,1.1333834780959178,1
10.094378169612863,176.9547595070078,-0.7252064540604903,0.3656590906369721,0.019216561050602196,0.2489706720870615,1.1332086129202814,1
10.47490477105763,176.69767268943772,-0.5703936484246849,0.3713426782847405,0.019216561050602196,0.249001531756908,1.1181831388187826,1
11.369908515230945,176.9671222782504,-0.5315558741758015,0.3776666414489894,0.019227214231343204,0.24672842431151723,1.122058408254167,1
10.05765363952614,176.7737484940512,-0.4310270052862992,0.3776666414489894,0.0,0.24844492912372687,1.122058408254167,1
11.345329246840105,176.18024868365714,-0.9411156380091542,0.3695797976778983,0.0,0.25067226300386836,1.121940342392864,1
10.851678297645842,176.12009256457287,-0.7751350243291509,0.3645236597159823,0.019592783347677303,0.25501382911650355,1.131220471211495,1
10.179048190030299,175.93920017156495,-0.8079450404425357,0.3770681865559955,0.018864566947613626,0.2447934145712166,1.1222198796749834,1
10.32338674257611,177.4057702748027,-0.4315677030870695,0.3777326533284513,0.0,0.2466149645970557,1.122058408254167,1
10.32338674257611,177.4057702748027,-0.4315677030870695,0.3776666414489894,0.0,0.2507613523650179,1.122058408254167,1
11.163633857409213,176.3065815345569,-0.6828264586372438,0.3691559802500236,0.0,0.24703903756361212,1.122058408254167,1
8.653725052983372,175.71138335123877,-0.32976212179130443,0.37153629945670863,0.0,0.24888777118924957,1.1123884536190725,1
8.99547568174259,175.7355197570315,-0.43909778436879104,0.37167580938236183,0.0,0.2405619870622727,1.1332453776804123,1
9.965629246411776,175.67142464933494,-0.7847097032093183,0.3656590906369721,0.0,0.2489706720870615,1.1274417793710674,1
10.369934716086615,175.43937862396973,-0.6331363620229521,0.37237386477289114,0.0,0.249001531756908,1.1333834780959178,1
9.667396913303385,175.20368747193044,-0.5741643144135864,0.35686701101321894,0.0,0.25070333358423486,1.1333834780959178,1
10.333861943927815,176.91387042581135,-0.6268306064762441,0.3702487643262292,0.0,0.2524631541923447,1.124124837543633,1
10.333861943927815,176.91387042581135,-0.6268306064762441,0.3698579533545592,0.0,0.2524631541923447,1.124124837543633,1
10.249348203803791,177.40509346679445,-0.43308096897614917,0.37808324338408356,0.0,0.25070333358423486,1.1239883242783153,1
10.06137457742577,176.32115386195815,-0.49292609810216215,0.3777582857372688,0.0,0.24238353708811178,1.1239883242783153,1
9.36622260982761,175.99338863750788,-0.4133586957971333,0.37704251711878384,0.0,0.2405619870622727,1.1219218949888492,1
10.054795096646192,176.0340898301602,-0.7137578016330851,0.36927090078659797,0.019227214231343204,0.2447934145712166,1.1242863089644495,1
9.431330566097103,175.89450485586104,-0.5111327933163141,0.37734184235678125,0.0,0.2524631541923447,1.122058408254167,1
10.249348203803791,177.40509346679445,-0.43308096897614917,0.3695331542623509,0.0,0.2464952163985434,1.124124837543633,1
10.249348203803791,177.40509346679445,-0.43308096897614917,0.3698579533545592,0.01960407493444558,0.249001531756908,1.124124837543633,1
10.249348203803791,177.40509346679445,-0.43308096897614917,0.3695331542623509,0.0,0.24323373551955524,1.124124837543633,1
10.137189838998557,176.00934256322168,-0.46048424716549696,0.37110936492620494,0.0,0.24905618226261791,1.1180466255534651,1
10.883649022851591,177.21170938642925,-0.5915879406388859,0.3793999800252022,0.0,0.24901182086382162,1.117932880692042,1
9.532411540311099,175.8862902827023,-0.642080245029521,0.37106664669186884,0.0,0.24745207736394423,1.118094166260628,1
10.691562126125689,176.8878500476494,-0.37466006865483764,0.3656590906369721,0.01960407493444558,0.249001531756908,1.1274417793710674,1
10.691562126125689,176.8878500476494,-0.37466006865483764,0.37237386477289114,0.01960407493444558,0.24675845759449697,1.1333834780959178,1
10.35510218123161,176.84572657374147,-0.49191000517803474,0.35695258443211914,0.019227214231343204,0.25097262686787114,1.1239723347464352,1
10.7271929333704,176.58864320851168,-0.339896669879931,0.3658291448510892,0.0,0.24439338928686194,1.121425624207799,1
9.792610103110201,176.5169447064961,-0.48912875297834085,0.3636512478729804,0.0,0.25067226300386836,1.1146299337004841,1
9.089780848659638,176.65349355810758,-0.4702763521238646,0.3656590906369721,0.018864566947613626,0.24844492912372687,1.1295294514529903,1
10.527444433294859,178.19848239736478,0.11729981740177234,0.3719830538012211,0.0196078431372549,0.24675845759449697,1.132991583723395,1
10.549743194245352,177.53787379257963,-0.1449447758415712,0.3717048981245602,0.0,0.2468451583469577,1.1275561653907886,1
9.325226352716838,177.3813980789978,-0.2540827564331999,0.3471556573680453,0.0,0.24675845759449697,1.1146299337004841,1
11.322706584363848,177.76868973958787,-0.5258669186178762,0.36914234329068085,0.0,0.24672842431151723,1.1205603087503015,1
10.681121985866893,176.20485232226477,-0.9395205115568344,0.36919775836819835,0.0,0.250942080673036,1.1184658499531308,1
8.645227642582288,177.14509186098272,-0.3708464476008485,0.36455218024836467,0.0,0.2591872378446644,1.1275561653907886,1
9.267781688205297,177.5422854191008,-0.5034342217997756,0.3556269231940854,0.0,0.26412487251746425,1.1243956180307029,1
8.274050452063864,-179.29515158391766,0.04235666499940619,0.38246123388647335,0.018867924528301886,0.2670586212302969,1.1055018809781463,1
7.947155720391439,178.91923633339283,-0.4092776591635342,0.36638414697101196,0.0,0.2734386064796799,1.121907363569137,1
9.267411900088272,178.57662021776147,-0.414157139730059,0.37561024386923364,0.0,0.2637663850914566,1.1243528482972078,1
7.315398812758155,177.85708671473722,-0.5501571988409819,0.3788833062213677,0.0,0.2619661159693498,1.1354592701808186,1
6.998861626748849,-178.35147947818245,0.43027244447198937,0.36923381998070637,0.0,0.25785336722007685,1.1002447774161743,1
10.670110825090463,-177.9644881841556,-0.20293949039541415,0.37347429533671805,0.0,0.2587834101779994,1.1160339057298083,1
9.079152418407965,-178.81542794027354,0.04579197402755616,0.37395642863120426,0.03845442846268641,0.2548082263411333,1.1258185991597727,1
8.949149880173767,-178.74408404876203,0.11234811679219316,0.37102769832445487,0.05660377358490566,0.2555523790003809,1.126143210740716,1
8.309435628961944,-179.95224111537993,-0.013807599693133943,0.3757183362398948,0.018864566947613626,0.25818648917836207,1.1347752186108018,1
7.639438065837906,179.48720660326688,-0.15044190597603282,0.36249940162067174,0.018515344006020947,0.25583314733384865,1.1255159302726099,1
9.163717750393765,-179.53870512802524,-0.40980412054879567,0.3760944579471252,0.0,0.2598023919117355,1.1348623461574252,1
8.311811093794242,-179.04006333100637,-0.23664155555557434,0.3686067228238619,0.0,0.25403483577442804,1.131387177478639,1
7.661978135633982,179.58214849934882,-0.8741479774759141,0.374158922988006,0.0,0.25041593034938986,1.1222675609906458,1
6.972916329866345,177.48054837658785,-0.8438662176311654,0.36578687809812327,0.0,0.25445133329862557,1.117865357474559,1
8.115054889282096,177.8371071906137,-0.952585768107312,0.36696905217341297,0.0,0.25818648917836207,1.1139142234619521,1
7.751609290913728,178.09428256194312,-1.1083707236013238,0.3618349522973437,0.0,0.2581368522483295,1.125960256878687,1
7.649409895100769,176.87348193502396,-1.3524057647284284,0.36745541432172346,0.0,0.25182734605275897,1.1316869837925443,1
9.569349975408132,178.1003900831292,-1.071976262942477,0.37011474256918586,0.0,0.25041593034938986,1.1410085850217067,1
8.962313724744417,179.01531387953275,-0.9431126019778943,0.36810413833877564,0.0,0.25514253110032925,1.1317227849731317,1
8.45244922239562,178.07476776909397,-0.7642887831643352,0.3599315861829364,0.017854296416882943,0.2663475374352499,1.1297179408351874,1
9.056901138287051,177.4044411308289,-0.8412934420103516,0.36368245070742866,0.026171196129510688,0.27985980328394633,1.1267251706969,1
7.802371864525513,176.55695478003935,-1.0989048876725087,0.3632826268278447,0.0,0.285644562191357,1.1291625796343079,1
9.18891090375648,175.38959757372606,-0.7782657693789392,0.3703937207546964,0.0,0.29959960447417344,1.1275543244625947,1
8.115625446094523,175.4675935438835,-0.5965494632094391,0.36128128027613143,0.0,0.30251764664508446,1.1142085247764362,1
7.109906832321512,174.91993261849146,-0.8971338201545649,0.35853227225900347,0.0,0.30221445341257763,1.1214065826569886,1
8.009257141898482,175.8128452027817,-0.9147015956335426,0.36923001711878384,0.0,0.3009696662450758,1.1118163050157306,1
7.187966260150147,174.99754633574508,-0.8790515436489579,0.3567347598446148,0.0,0.30942233353130544,1.1144271895312738,1
6.810169337002713,174.51211435298106,-1.2388952215195472,0.3574669283722569,0.0,0.30670894137761356,1.1160191352057616,1
5.828363697730842,174.894593066424,-1.4415775870745575,0.3583368309295024,0.0,0.3077969041473995,1.1039402667936278,1
6.756123240048217,174.10541312163997,-1.5044887295347122,0.36384870945008163,0.018515344006020947,0.3106326853889362,1.1075073708782741,1
6.882139826384037,173.71387463628926,-1.5305988502768326,0.355555875604405,0.0,0.30381300656920435,1.1320775012133892,1
6.823350077344389,173.30766469197766,-2.0460215802802555,0.3624988690668036,0.018169809053571493,0.3037893047927089,1.1324951835636599,1
6.767374118221482,172.90104717819128,-2.491847185529805,0.3604766376372655,0.0,0.2980990544020419,1.1158428741710986,1
8.466475511862397,172.75715743999137,-2.1447393430919224,0.3753633990151357,0.0,0.3012166294600178,1.130264490733183,1
9.752465440688615,174.25752213376157,-2.2307128174130058,0.36308415958285145,0.0,0.288132669841244,1.1252780353244554,1
8.744525830302427,175.12267419180145,-2.2257510072166315,0.36572192341751314,0.0,0.27852781824072725,1.121566714983677,1
9.096866348414709,176.5754858049815,-1.9087908560096598,0.3580868089767798,0.01883777067421859,0.2606320208801488,1.120166678528097,1
7.639554292977077,176.54308885654908,-1.914153587886565,0.3598851845084574,0.0,0.2501101491605734,1.114484523848048,1
7.7656157397445265,176.0552877747463,-1.85658872600079,0.35185521971763445,0.0,0.2563736109909536,1.1165480409157205,1
8.095773349230175,177.30744854822956,-1.6955337747245778,0.36617263124962396,0.0,0.2579752985073217,1.1261327598838742,1
7.808830586513546,175.61448108730653,-2.033319810798094,0.3664907322071773,0.0,0.25870247768422994,1.124099666517466,1
8.268315392075436,176.86877721255837,-1.7615146197632017,0.3714446551684294,0.0,0.25477520063974646,1.1117282303027856,1
8.265342542018224,177.60066363481985,-1.270835713747282,0.36644403706732187,0.0,0.25859974536305935,1.126286836164406,1
6.58182644383778,177.68950717724138,-1.2780774636065269,0.36777243203480203,0.0,0.2587951490756541,1.1225417464113876,1
7.27539263301755,177.54992291245742,-0.9703049873670638,0.3737163923774338,0.0,0.24877158224198348,1.1205668296748024,1
7.298433615219758,176.94989119058206,-0.7374411620039532,0.3720959413761745,0.019227214231343204,0.24877158224198348,1.1243956180307029,1
8.400075321691126,176.8749174140836,-1.0783079053028024,0.37106664669186884,0.0,0.24910254859864744,1.1096006262173743,1
7.940035482701573,178.21596915622192,-0.8408628566603329,0.3796400162789726,0.0,0.25447521585908295,1.1126134830880137,1
9.890612281470695,178.18481646210213,-0.7704037228735988,0.3688823244492379,0.0,0.2465020313321777,1.1188927598856377,1
9.925751040752527,177.96658470158013,-0.7118813105065226,0.37173304261567885,0.0,0.2522239311811983,1.1279812950611294,1
7.561213846144232,177.8672920204018,-0.8610744467068314,0.3680727687748481,0.0,0.2547783011250727,1.1297299370406253,1
7.693788496038743,177.0555403998501,-0.5158056776812037,0.3671156835245498,0.0,0.24845156708050772,1.1297299370406253,1
8.364950172075515,177.76691166524864,-0.5756364344438153,0.368378083495961,0.0,0.2563315110444031,1.1355076574330276,1
7.436740220925675,177.55202689586434,-1.0030087070477718,0.35054304784896995,0.0,0.25057160680028245,1.1209292593380518,1
7.068032751519143,177.36145983896301,-1.0188124612996519,0.36603688928366546,0.0,0.2507058345606347,1.1209292593380518,1
7.8697287298214,177.72026320591132,-0.8499146110039639,0.36443929267341124,0.0,0.2547783011250727,1.1301198831247041,1
8.271610083060663,177.19534323663595,-1.0002594221162586,0.3558554132077303,0.0,0.24910254859864744,1.1296148751649184,1
7.410205394428227,176.83215981361377,-1.118131541404641,0.3713426782847405,0.0,0.2490538072225183,1.1099739543562444,1
8.05205713181773,177.40261576352182,-0.9795014610132817,0.34947744405057485,0.0,0.25057160680028245,1.1238830724651354,1
8.087441906037968,177.31196766042032,-1.0700648952462828,0.37433422727789756,0.0,0.2490538072225183,1.1209292593380518,1
8.155459890176264,178.35402777348963,-0.6500519705587403,0.364199641430218,0.018864566947613626,0.2522239311811983,1.1279812950611294,1
9.550311580424557,176.94487164332253,-0.9732214896276427,0.36644052527676385,0.0,0.24461211378378336,1.1388402814848586,1
8.975652162181806,177.88398070154136,-0.6379175629961695,0.37241090724232684,0.0,0.25260748985335535,1.1296049270066342,1
7.391781287610969,176.42205476084428,-0.7232809518063779,0.36617263124962396,0.0,0.2526382387719152,1.1238830724651354,1
7.630016964977783,176.9550029327976,-1.1608367579065435,0.35749581151775583,0.0,0.2529971468121082,1.1259244065011567,1
8.444548000037873,177.42014283311283,-0.8559446710960906,0.35686701101321894,0.0,0.25353801665926684,1.1298671877523858,0
9.050403770711634,177.4504805761948,-1.1289882034768803,0.3639695143208421,0.0,0.2554698452370082,1.130011308343183,0
7.594322092143392,177.38529197125706,-1.0628568443525799,0.3648185145390044,0.0,0.25289318896558033,1.1241411859512613,0
8.552134517036494,178.21308050336168,-0.6780949133029327,0.37430276406128404,0.0,0.2529435691061215,1.120676895563559,0
8.773744359344223,178.11777569971431,-0.988847471047488,0.3716680879350688,0.0,0.24672842431151723,1.1246331138022512,0
9.254529285010042,178.10097491430935,-1.1530228208237103,0.3720198639907125,0.0,0.24461211378378336,1.1296148751649184,0
7.429160361025957,177.93379697438135,-0.8057523623268723,0.3656590906369721,0.0,0.24934250460638505,1.12399503565106,0
9.32415490361615,177.84284133018357,-0.8187896595118579,0.3719830538012211,0.0,0.2529435691061215,1.1301198831247041,0
8.070059919944482,176.9897534392249,-1.1148235971768987,0.3721604635101863,0.0,0.255169850396925,1.1300925469550085,0
9.26571438656689,177.56922349535506,-1.3198913152397125,0.36340260731983753,0.0,0.24932521473481692,1.1170984509673274,0
7.8167726855414985,175.39732028731999,-1.4783610628034878,0.3700192569268079,0.0,0.25353801665926684,1.1360442137686106,0
7.917378225527864,176.13808757083615,-2.153607439665629,0.3685603844757766,0.018169809053571493,0.24940374119732497,1.1211897823987615,0
9.039429850162367,176.91896597388887,-2.498431136678116,0.37141850929612497,0.018169809053571493,0.24660511437606672,1.1335380731242934,0
8.051712968055275,175.0729906908274,-2.8359667840010037,0.3657236127709838,0.0,0.24851573050677567,1.124158155707285,0
8.296987686946451,174.09078738208487,-3.189382027698632,0.3751163968328439,0.01813392394470534,0.24627401536051552,1.124158155707285,0
10.112057693592691,174.87828071050225,-2.9196980470479077,0.36459045240188803,0.0,0.24722755442276445,1.1279965115393413,0
10.35926924436202,176.09311675687127,-2.924322973979551,0.36611175965483833,0.0,0.25019409765123396,1.1454711119795518,0
8.433720705544049,175.31994241320785,-3.057865041280561,0.3650586556579354,0.0,0.2554644365281472,1.130389184679503,0
7.815600431255323,177.4173524890759,-2.6051836535475235,0.3589998778033259,0.019198845032223247,0.25115849436589405,1.1296997172922374,0
7.91664565898712,175.6892626522396,-2.709143355049035,0.36424743771755874,0.018490006540840973,0.2555782176372125,1.1337495882413144,0
7.968851211691589,176.7304971485422,-2.5828416199084048,0.3734984693622735,0.0,0.25127035765468875,1.1278756465106217,0
8.269965810675396,176.59347565700725,-2.9720127155968106,0.3617630563109412,0.0,0.2470887919421516,1.1189338805668987,0
8.698025701765472,178.82993408674054,-2.1784856800031513,0.37141850929612497,0.019592783347677303,0.24945033966671956,1.1335196609035938,0
8.35661947524664,178.17919146027396,-2.8772226317058913,0.3691891888764237,0.01996409690931557,0.2499120393164853,1.1247601180385862,0
9.501215431507651,177.77277693470353,-2.5603614028976343,0.3845721031656181,0.020815272356090667,0.24832922974072638,1.1338148998678657,0
5.575904606410817,175.69058998129893,-2.957471961819297,0.3606868726078469,0.0,0.2505058369634318,1.1217563711508105,0
9.449281585516216,176.68941606677328,-2.8648376479557363,0.3579121163741915,0.0,0.25877557996897976,1.1188930092607738,0
7.989474650706657,175.56370516929655,-2.726073081512867,0.37539743303695605,0.0,0.2578564881066765,1.1052796214005298,0
8.949350735467771,174.57604403964814,-3.2120271881434648,0.3628189580687334,0.019198845032223247,0.2679865972822248,1.1375379071238965,0
9.105064460613026,176.89766992763987,-2.9395758222581203,0.3752337937751662,0.0,0.26465892591089796,1.1221587017132335,0
8.42176174271394,173.37532287182512,-2.8112668385269584,0.3788728060509894,0.0,0.26074582582544076,1.1102068656091295,0
8.21823011148421,174.42940114512595,-2.9351497829301727,0.3745547015724854,0.0,0.2662114417208359,1.1112696099158088,0
9.988960639180991,177.60095378752902,-2.1663450555756776,0.3615056704832108,0.0,0.2669781959043012,1.1104491410297954,0
10.441058519534193,176.31711678956094,-2.326164160378738,0.3700618059926523,0.0,0.2615680000227267,1.1225144225196626,0
10.293570857966225,178.33730359165176,-2.140914345688177,0.3659847313711909,0.0,0.2651600166484899,1.1290384646719271,0
9.324996587912041,178.1947597301981,-2.361974127636465,0.37718107413094903,0.0,0.2624481252789775,1.1278034909162356,0
9.912277719348372,179.518160166935,-2.4904314246828947,0.3547339975301451,0.020815272356090667,0.2544838533100634,1.118834194676073,0
12.699933031197267,-179.4325170843286,-2.1872307806855997,0.3585742851388102,0.0,0.2581116512494728,1.134134778902513,0
12.042656270729088,-177.68529340112167,-2.265930653091692,0.37074320015352646,0.021233384741779292,0.2664133675407091,1.1392569952710931,0
15.789939610770746,-175.99582356072415,-1.4581879329229395,0.374052654217634,0.0,0.25406764221023953,1.1578416270342782,0
12.286387890130374,-173.79510609573376,-2.124724469289017,0.37751296154325303,0.02220030681036019,0.25407924302776347,1.1210671298964074,0
15.435525481793196,-170.83770345063036,-2.311264801934091,0.38134884690066406,0.0,0.265745998014132,1.1249506630187314,0
13.343639113596767,-167.16045616139274,-1.441682366847356,0.3843350995164374,0.024929982747211407,0.2572627504869794,1.1444775551355293,0
14.372963802155605,-165.05067946368098,-2.002420174353218,0.3888933625288763,0.023199420949679552,0.25732933446710626,1.1220883307487826,0
11.909413343841203,-165.0627788102544,-2.568045229737205,0.37969526476629534,0.02315584223237446,0.25097887184046436,1.116446426080222,0
10.37252836704968,-163.87899725199475,-3.123185664533859,0.38032589923950805,0.0423999152002544,0.22751040094920874,1.1120245814990997,0
9.251993978370697,-163.53059516920612,-3.4030067933979993,0.38111987618922144,0.0,0.23758450652620863,1.1228835802359451,0
10.007459457506153,-165.1199787294586,-3.4174225104642617,0.3883107014687095,0.020761369963434993,0.2329035994836876,1.1049855039378502,0
8.949713541591565,-163.59162048823552,-2.8153806999157673,0.37624577802355114,0.020370021093167764,0.2329035994836876,1.114187179482539,0
22.766834823773667,-164.82865502172334,178.12397703584904,0.38919281581052595,0.019547811329657872,0.24393521051056666,1.122672564219628,0
9.551418368537146,-164.52600886211175,-3.2022969542797326,0.3890801321048317,0.020761369963434993,0.2489023424013771,1.103814663812398,0
9.314271874667886,-162.88875650026196,-2.8789174990209903,0.38163897105440575,0.020340502363726694,0.2668622757763624,1.1238488556616835,0
7.000138449416635,-163.20763172839318,-3.094814252170895,0.3818318756874627,0.020340502363726694,0.2909019401268936,1.103027795691844,0
6.842678193603167,-164.46450195650812,-3.282944814729827,0.38504290569071575,0.0,0.30791917922597745,1.1110726590691216,0
7.490623972678127,-164.4850701327002,-3.0134380989700986,0.37840634196280465,0.0,0.3217552033908999,1.1200725390047281,0
5.458854542275769,-163.12802025926962,-2.923560050651636,0.38057305203206715,0.0,0.32993616880183724,1.1155040146381294,0
4.722472136746787,-163.01622511841396,-2.9278272018334617,0.388195316010716,0.0,0.3356504299108136,1.1164696855850276,0
4.79240106362902,-162.7172692608365,-2.7182427034591106,0.38203417709097137,0.0,0.34089392569517646,1.112912629261627,0
4.79240106362902,-162.7172692608365,-2.7182427034591106,0.3811047908548712,0.0,0.3442618423583022,1.1155040146381294,0
6.395038534269529,-164.15926872474344,-2.295443524864151,0.3803018764215189,0.0,0.33700300199376165,1.124850348002127,0
6.211979998347616,-163.9202222081639,-2.514300801429046,0.38643788642504595,0.0,0.33300593311482574,1.1307596089039922,0
6.059388660549528,-161.9921116340564,-2.353308802683396,0.3725644446967672,0.020370021093167764,0.3407530178604304,1.1166599530507677,0
6.911235999409631,-163.97107713974887,-2.3964770177653953,0.3803018764215189,0.021233384741779292,0.34034946174472014,1.1105479639216576,0
5.927347757302471,-162.46078554286237,-2.31944848188726,0.38798817701188437,0.0,0.32855797438884426,1.1126321918105595,0
6.634961993976461,-163.7192958240792,-2.4535397902916025,0.37362658987335584,0.0,0.32735239239419395,1.1238203076797562,0
6.167066706856828,-163.52897940972383,-2.9971576166664207,0.3859893740582885,0.0,0.3200368625940824,1.116801445504622,0
5.835074435935696,-163.63978223850904,-2.93366553236508,0.3787823986746859,0.0,0.30701536042453137,1.1172982194419419,0
6.336812151719027,-163.2164447324343,-2.4859637990864596,0.38465585637531624,0.0,0.3082501162420165,1.1223672285751731,0
7.076816477322029,-164.0732626383966,-2.576987209290756,0.37560457583676987,0.021233384741779292,0.3115106369342765,1.111321478534391,0
5.828792707679651,-163.2523643840934,-2.9876492643876533,0.3826532253925864,0.020340502363726694,0.3134206911461138,1.1063870450416167,0
6.030389767799886,-162.68023763455255,-2.723386616813733,0.37674736729117875,0.020340502363726694,0.2990294702851556,1.1057800878656532,0
5.780510736001438,-162.21911080728657,-2.698149251290959,0.36895978735670215,0.0,0.30803342986755966,1.1057800878656532,0
8.235648880592592,-164.32668755450104,-2.889628440766902,0.3753419602471647,0.0,0.30229939376152976,1.1197911397501774,0
6.962200224851171,-162.84538945359685,-2.9703423086851424,0.3693850514013074,0.020340502363726694,0.3012135224804734,1.101270674198794,0
9.858344122864127,-164.27493845377333,-2.6314507263924867,0.38223492357548683,0.020792762051726844,0.27973960671873854,1.112610604977452,0
9.467793201833954,-164.16726578276302,-2.5462950305868293,0.38644636349118544,0.0,0.25968177101971124,1.1087583145822524,0
7.931435338808121,-164.91124543587355,-2.953786835376357,0.38142175903234443,0.0,0.2457088547566961,1.109534334381562,0
8.671297456419577,-164.5466026718745,-2.7252823868284297,0.38113578872748793,0.0,0.24025672700070674,1.1123662451860121,0
8.577179017428282,-164.10204275886994,-2.614811492546452,0.3820311234239351,0.020792762051726844,0.23574624685475024,1.1132916341088959,0
8.483401332657369,-164.88899717200863,-3.0778415497874207,0.3756670252377928,0.0,0.23165019031304696,1.1093082399454866,0
7.082589421240256,-163.58944545538068,-3.003713308925124,0.3850997372053361,0.0,0.23814899951466503,1.1067643955625583,0
7.125696371919615,-164.73463409859522,-2.8197079706533743,0.37708709463310464,0.020370021093167764,0.23814899951466503,1.1198784080263402,0
7.9997065277484465,-165.08519864697223,-3.056035552900547,0.37870570273964277,0.020792762051726844,0.22458785130041123,1.119599796258651,0
0.12126189030835913,-155.8109380194583,-1.6483439274777152,0.38043658434814953,0.0,0.3629664161912895,1.1190577369279506,0
2.019045481234308,-158.16216648261417,-1.1834145233578264,0.3867191818517319,0.0,0.35557855761526436,1.122354102773108,0
1.8704974747276124,-157.71117609029824,-1.0295603794777015,0.3789046837930224,0.0,0.36271002032210015,1.1211058846442614,0
2.8057253680200946,-157.77172819911624,-1.3743918410222844,0.37849470142618424,0.0,0.36271002032210015,1.122354102773108,0
1.0739066964805049,-155.87871260501626,-1.2513544865899775,0.3813493144782733,0.0,0.3683297672754252,1.1329391534023592,0
1.6892518969044439,-156.32054439002462,-1.1233144950194012,0.365977156922485,0.0,0.36271002032210015,1.1315593127026995,0
1.4910636066867986,-157.78110394594256,-1.1649553762765346,0.37385653969984745,0.01996409690931557,0.358198842320718,1.1354804248053576,0
1.8597624086781273,-157.72599494518528,-1.3439324443278842,0.3943435572288757,0.0,0.354898593420791,1.1145721394946535,0
1.0275068017639108,-156.82114126765026,-1.1317395901697123,0.3678129167266007,0.0,0.3547638152444042,1.1223246211210014,0
1.4922799799621476,-156.94719574033263,-0.8934761908144254,0.3678999481076113,0.0,0.3626645158862751,1.124698606523646,0
0.9945211899083348,-156.14755459761554,-1.2483043051868734,0.37705037134927066,0.01996409690931557,0.35264109204917216,1.1152967256498265,0
1.0358016595700785,-156.37264147499332,-1.119070254708398,0.3747206911779237,0.0,0.3418249898070957,1.1291584023996148,0
2.338681721526166,-156.43731832138994,-0.8216762669002675,0.3806764538048394,0.0,0.33605971735473367,1.1120465689824364,0
3.693320017488682,-159.60278831419706,-0.9115471209939713,0.3859307629823487,0.0,0.3206486341267054,1.1019368756492574,0
3.5755858289541638,-159.3255899003099,-1.166892164771392,0.3806871469251706,0.0,0.31495684666692203,1.0988308336122852,0
4.702738007471933,-159.13380582686528,-1.3453238248362227,0.36613558162155646,0.0,0.31355932174702816,1.0985691443073016,0
4.987927774346143,-162.21263876319549,-2.1325514683912545,0.3769494200568633,0.020815272356090667,0.30498278029105913,1.093390787898828,0
9.345125477933916,-162.8102616507679,-1.9549169390570975,0.38274345360033857,0.022216737285146886,0.2954330741060278,1.1018302018623025,0
8.061921657603964,-163.34858383563903,-2.31546958393834,0.3846249239171291,0.030714755841697562,0.2735988926195649,1.102097890107244,0
9.169718104008933,-166.07343942996388,-3.3549658077770057,0.3784824434041164,0.021693045781865615,0.2627970983258643,1.0920988414405712,0
9.609772541827567,-166.50668562848963,-3.3350770023160097,0.3805913894889985,0.020792762051726844,0.26608728923133923,1.1092776805745714,0
10.033922249667409,-167.04369156617807,-4.246554723034676,0.39543684238071897,0.021693045781865615,0.2671821513400099,1.090000332586595,0
10.48946403330326,-167.43236159062323,-5.329078524587147,0.38315258970875954,0.0,0.26897207637757037,1.0996734307455345,0
10.172121638677664,-168.8205641292376,-6.085315080130888,0.3706794729784582,0.0,0.26302491803092787,1.1001731517265503,0
10.652761082292281,-170.47504324497243,-6.292282350413959,0.3806132826399995,0.02161183615368384,0.26182359889562606,1.1125093483486324,0
10.947246586071705,-170.67827304159027,-7.1511940733809185,0.3889309191993816,0.0,0.25712651305449247,1.115106128508737,0
10.487102791780009,-171.39365952553914,-7.394058702466032,0.3887306371048501,0.020615270438818365,0.25499063710718256,1.1150377551157857,0
11.154197147028666,-173.82118620654265,-8.631785258650572,0.3815089621627268,0.0210444718698259,0.2569421161637142,1.1148611798646195,0
14.025365394072969,-172.56499541637163,-8.847894482688393,0.38843195138374953,0.0,0.24573970219079327,1.1314371700218155,0
13.966321686802168,-173.85668489480847,-10.261796864147728,0.38283585392402,0.0,0.24302721601955157,1.1131433983380488,0
13.804131999345094,-174.39352440718253,-11.539975390390516,0.37432223849448154,0.020896918976428647,0.25803939613264465,1.1167600520929808,0
12.593280914089625,-173.92644953278383,-12.123438545566502,0.3821412380178868,0.02081076444648586,0.25083283887460944,1.12498286121114,0
12.277238703394776,-176.8016386134006,-14.203352658800299,0.38215284343417194,0.021143019383791626,0.2541628343144119,1.1310413162696853,0
12.796992513482374,-176.55073865091612,-15.556975927821094,0.3759376356998873,0.02050661957987655,0.25068192029747144,1.1162017689926673,0
12.545310561395706,-177.81596131320381,-17.0536501458409,0.3794993117767632,0.02026934491954644,0.26304373701451406,1.1240863055871677,0
13.164360767194223,-179.10517515775197,-18.699369380511083,0.38415300410147224,0.0,0.2573232640005661,1.1155553404508896,0
11.565240302620872,-177.66861838245777,-19.94809037610108,0.3721308024137808,0.0,0.25556127017291935,1.1269153360651647,0
10.01623908426751,-179.0036429222643,-22.377067723493845,0.3733492091513604,0.0,0.25167613408344486,1.10467834544374,0
7.4599497852785825,178.37294728017255,-23.995530772763654,0.3710703573046862,0.01957775820486337,0.2511286356482619,1.0976759906367313,0
6.8494042920409655,178.08410164987802,-24.54487106072273,0.37115269159683767,0.0,0.25035585959567946,1.10271401427727,0
7.227460375867911,178.07868102757692,-26.015604342683524,0.36650849193025237,0.019110994086122903,0.2543937306507943,1.1302420846478418,0
7.016841216961926,178.70367997310925,-27.515192209942,0.3644801199374975,0.0,0.25207262512514655,1.1127155090147895,0
5.215950086818231,176.8688209365666,-28.424735718562413,0.35680070431887334,0.0,0.2588779540092183,1.114208541393685,0
6.63368807115534,177.33917076203872,-28.951228849882906,0.372374797441227,0.0,0.2529386153522507,1.107275555178905,0
4.684584381033642,175.1503125992479,-29.63896746026696,0.379096179417978,0.0,0.2557558791804056,1.105531875072963,0
5.08562935606192,175.45812072096697,-29.46943518554663,0.36969308594283845,0.0,0.2549535059330795,1.108834961011114,0
4.196521745140489,174.97494974906797,-29.762592416665253,0.37403378204251697,0.0,0.2510542158736781,1.1111894863273737,0
5.178752914343087,174.29159738760166,-30.33769683680713,0.3644191522335097,0.0,0.25338211812358097,1.119549628337861,0
6.41335455146545,174.85644639049588,-30.998425772541534,0.3708696663299005,0.0,0.25690545516840535,1.1146201927300257,0
7.227077772011397,173.550548446566,-31.748039700721275,0.3591095026780825,0.0,0.2575231010516561,1.1179316273171587,0
7.391295016174625,175.13323361679522,-32.61007656381641,0.3629001970750714,0.0,0.253068237554492,1.107270033649704,0
7.3214531295078125,174.42349315635676,-33.11446975615661,0.3752049829433456,0.0,0.2553072341583637,1.1140061426071082,0
8.817327193226966,173.3531787240529,-34.53097636886112,0.3447280172637381,0.0,0.25342162713164623,1.118386830392754,0
8.62148468753498,172.72474669325948,-35.271100708190176,0.3563741427689402,0.0,0.25641985697190406,1.1229919761380838,0
9.092252768960831,173.22756765683587,-36.088143973521525,0.34812356963931834,0.017845765256206243,0.25822272463185975,1.117688230633854,0
9.082885596967845,173.0698264943452,-36.235654226699516,0.3580906070425732,0.0,0.25117650256035995,1.123636547676013,0
9.791025812493148,173.32189889221578,-36.663967203070875,0.3649842820760746,0.0,0.25291755177540004,1.1205927580951016,0
9.866916527482354,173.18274861144508,-36.44518099789158,0.36755525015259827,0.0,0.2518167233275979,1.1158623100033056,0
9.886808507377506,173.1934990314438,-36.19950291249446,0.36768417499012884,0.017845765256206243,0.2543656973250602,1.1310519861833885,0
9.73876514940747,172.8090298435504,-36.400025461684905,0.3763231827236001,0.0,0.2543656973250602,1.125265570423425,0
10.38880291456055,172.30958007416535,-36.52008519385439,0.35155132495160807,0.0,0.2543656973250602,1.1283586734641686,0
10.94901071170947,172.68969861656592,-36.49111464240955,0.3539313591926048,0.018110118323750115,0.2543656973250602,1.1355024170633197,0
11.789063311819366,173.4383614134141,-36.28061135539126,0.36942182365129506,0.0,0.25621386063699125,1.1300476933615857,0
10.925039486764911,172.02263509395522,-36.41949082027336,0.34938900449596166,0.0,0.2594496712879542,1.1312489838597029,0
12.0178572036775,171.604613725479,-36.69926350368864,0.36942182365129506,0.0,0.2508520894036045,1.127579894467369,0
11.577352002392391,171.02699825493374,-36.60910552703188,0.37742466934881186,0.0,0.25143440396095823,1.1259484541358935,0
11.799494765094982,170.9910883988035,-37.24924572598746,0.36727962515320023,0.0,0.2542929554520155,1.1355024170633197,0
11.103747781423369,169.72994861909112,-37.476166196448396,0.3662597448090146,0.0,0.2538238609214547,1.1295599639622855,0
9.832167197521613,169.49894176667274,-37.29482639795589,0.37550756289568377,0.0,0.25270667314008616,1.12402218076397,0
12.42148375883066,171.28178418668796,-36.98063355378536,0.36049335262006765,0.0,0.25184902915674257,1.1312489838597029,0
12.60608502358581,170.49312042163663,-37.15502541651386,0.3601793349337009,0.019455105641024067,0.2536866527996516,1.137133857394795,0
12.518853286695604,171.1964295791832,-36.914608819313244,0.365178292982678,0.0,0.2551075915256153,1.1237991102918652,0
12.707454106558652,172.24697409852988,-36.57274335876092,0.3631418202934857,0.0,0.24817895053349504,1.12785852727089,0
12.042717830892304,171.1974885135313,-36.421540120233615,0.3676713894130137,0.0,0.248890495602349,1.1256032309443,0
12.402107933711573,170.18014864019034,-36.70420684791344,0.358468569816752,0.019156525704423027,0.2556827699867283,1.1188730047174666,0
11.909834518639652,170.6144301167773,-36.59076359731287,0.3581348887439545,0.019455105641024067,0.25641985697190406,1.1177457896168497,0
12.945814698386513,170.4001635184513,-36.56015661361595,0.36469221380449157,0.0,0.26202285537160375,1.1191313594607937,0
12.484548315960666,170.84796010373825,-36.04303690135681,0.37610411134178856,0.0,0.2559086915124199,1.1229072680067904,0
11.954916944901708,171.44209328786087,-35.662273861408146,0.3617173901123715,0.0,0.25446071991466757,1.1334411219606655,0
12.177129340391692,170.98612925579715,-35.69008220473658,0.3591278276108206,0.019912576573338177,0.2526374574034381,1.1349333349073072,0
12.282437381244845,169.91660790460145,-35.849529661045814,0.3798666249971291,0.0,0.25973166474315945,1.1266264780178068,0
12.586783165319593,170.38784545668256,-35.843606495846394,0.36931783880865593,0.0,0.24820736271108898,1.1229072680067904,0
12.150297670968982,170.31159435855872,-35.932496003677386,0.37252017727873216,0.028624051732180952,0.25074470201239446,1.1214903640980805,0
11.490885550741663,170.61319607831638,-35.76067366697611,0.37752854152290277,0.0,0.250104269725994,1.1241817171943569,0
12.268029606605598,169.65618917726073,-36.047505620256764,0.36532815365172205,0.02,0.25267620858622947,1.1386243704465713,0
12.585311455262222,170.3259501106988,-35.692174864095854,0.3719207066422596,0.0,0.2513179339084685,1.12390869275906,0
10.83482781373941,170.18594800514632,-35.39088221398755,0.3664062858852417,0.019592783347677303,0.2596833920848522,1.118277319423691,0
11.799790684252876,170.8736871374221,-35.43123767516866,0.3770350957925277,0.0,0.25844639068409647,1.1219008690022672,0
10.548830522807522,171.01912176341727,-35.22064892000066,0.37511469836588324,0.0,0.24887137428412387,1.1222928143519,0
10.898421683024493,171.49616065331512,-35.46986664865096,0.36705237132359336,0.0,0.24634028973177646,1.1006994562551906,0
10.737223245332673,170.72333358444965,-35.1896294169332,0.3709318306955108,0.019912576573338177,0.25319200308588835,1.111662960162962,0
10.78358381383357,170.91410380805326,-35.00899862005701,0.36773783897188717,0.02014148736276902,0.2539069348507095,1.117086957137984,0
10.584482921447902,171.1076702511829,-35.28158831845471,0.36105555128139366,0.019912576573338177,0.24441396027628567,1.117086957137984,0
9.99590474620499,170.0281913436082,-35.18577193896952,0.371544238878569,0.019072719867469376,0.24704229424572685,1.1207823627761448,0
10.78358381383357,170.91410380805326,-35.00899862005701,0.37654633164642404,0.0,0.24704229424572685,1.1255518692422812,0
10.776423480976167,170.0851009738104,-34.8881798740411,0.3583307002937375,0.0,0.24643539972409984,1.1301314634059207,0
11.585814158637485,171.24856772834957,-34.99399898985511,0.3615972332457338,0.0,0.24915285587784325,1.122422562409942,0
11.226765750527598,171.0145397901805,-34.62963772393009,0.3570672473528851,0.0,0.25353894137110405,1.1301314634059207,0
10.905257876939089,171.28340438606386,-34.74049492441366,0.356637430468305,0.0,0.25232026865314944,1.1301314634059207,0
11.333238041546728,171.06073295172914,-34.62780601762564,0.3620407501693027,0.02014148736276902,0.2547571381814219,1.1301314634059207,0
11.333238041546728,171.06073295172914,-34.62780601762564,0.3648619511880755,0.02014148736276902,0.2464066695777205,1.1166262163045186,0
12.907088520508758,171.7986139943506,-34.0255051094086,0.3641144403792021,0.0,0.2547987305018442,1.1400101639917097,0
11.621526722167815,171.3134114150133,-33.9176836466657,0.3615749601353401,0.0,0.26121855531063304,1.1322820973289431,0
11.885917799195873,171.22601066215972,-34.24208660953736,0.3507958916533035,0.0,0.25037563981268984,1.1197702276117178,0
13.200208673565854,171.9490178870148,-33.78058930008031,0.36357919624873397,0.0,0.25093017980154053,1.1322820973289431,0
13.547382604218628,171.01656652419558,-33.86697682502636,0.36719056445836445,0.0,0.25688899647555397,1.1345791248590078,0
13.547382604218628,171.01656652419558,-33.86697682502636,0.36800455807034554,0.0,0.24971707305217983,1.1298281094905434,0
12.98089766427756,172.0148649826259,-33.44912047282495,0.367074349995102,0.019810721293758184,0.24845900902565823,1.1334859006909346,0
13.113318953174645,171.60153828977792,-33.7706574425013,0.36067861556251557,0.0,0.25447264931520025,1.1311630340181313,0
13.113318953174645,171.60153828977792,-33.7706574425013,0.3635974906451326,0.0,0.2589175622967109,1.1188266214667695,0
12.953118446811203,171.06496156128767,-33.94244802120001,0.3612339808719629,0.0,0.25887065679620613,1.130845525117329,0
11.794176636451446,171.46175952084633,-33.74670712881199,0.36363049678313564,0.0,0.2596728956876626,1.1240817995535006,0
12.165274439074674,171.23790463787398,-34.4273275210698,0.3719760652058361,0.019810721293758184,0.2540255551886297,1.109638639962349,0
11.660345223115419,172.2311377156332,-34.14758467493008,0.36479122496935734,0.02002805893753699,0.24913771955689856,1.111335724397418,0
11.579847474706053,171.7197099379656,-34.30914297961691,0.36590308400089877,0.028484364594794254,0.25276958883147177,1.1197702276117178,0
10.92426897302907,171.391193096208,-34.33999211361178,0.3645140733758223,0.0,0.25276958883147177,1.1197702276117178,0
11.162982809345571,172.438423300023,-34.19033596625221,0.3654765749859893,0.020370021093167764,0.2547088226046913,1.139024369080709,0
10.474382202461664,171.66196078671592,-34.761005901673556,0.36960083201952565,0.02014148736276902,0.2507615245517098,1.1320893635239413,0
10.249860638502469,171.21663573735958,-35.522044381275755,0.35908664950433333,0.0,0.24641221395621324,1.1310823441147564,0
8.897486053045728,170.77129399098925,-35.89876059251861,0.37441309360241476,0.0,0.25640460088676775,1.1142934358041094,0
6.415170258510559,172.0812305285779,-36.24745241530734,0.3683597710959575,0.019374606457303215,0.2500137713894456,1.1050847380671507,0
6.6139689837405085,172.71285976172143,-36.8866990297949,0.35369715519542944,0.0,0.256151063684088,1.1033039593680232,0
5.816319758054034,171.6913146660988,-37.711205694516465,0.3546403515071531,0.019760376304381096,0.2542389448777952,1.0957256073429882,0
5.442613517071949,170.91467888586573,-38.39561416026033,0.3785180888068411,0.0,0.25156980834779824,1.0927167093906875,0
5.489371964609875,170.4415382013139,-38.40177045822086,0.3637830457002045,0.0,0.2502921408527102,1.1081674293722745,0
5.686750446998811,171.1083090371917,-38.49405253296731,0.36366418553140006,0.0,0.2537281788217684,1.1043482270702316,0
6.150163019983862,171.37215158798148,-38.275104946727154,0.3694178013507001,0.028742040903948458,0.2541044476323682,1.1026824330301106,0
6.59952346521201,171.5443657612652,-38.347740205053036,0.3606422786124794,0.0,0.2541044476323682,1.1012855127351495,0
7.384649722282534,172.37959774931215,-37.80546043390197,0.37261244971143026,0.02,0.25124439393485415,1.1068677137481822,0
6.491857828294079,171.28977198373852,-38.317840954621204,0.36131008090937544,0.02,0.2574361469988748,1.0996938193159236,0
7.935750587429574,170.8432537953588,-37.584518624959266,0.3597386317712693,0.02024026108485969,0.2527137595895794,1.1115221215024902,0
7.636149122589145,171.3098751191025,-37.020878221814414,0.3716175895985542,0.0,0.2572403054458551,1.1063834183169543,0
7.872863932889055,171.34675354199135,-36.7518357586029,0.36704895652620084,0.020480798012976014,0.25594448338049414,1.0994474858374244,0
7.560548134607178,169.8234756745485,-36.0538338512709,0.357636568964,0.019592783347677303,0.2535611253470362,1.1147331880481641,0
7.85755674194275,168.9555037532759,-36.36607140022203,0.3542992862275842,0.0,0.25339127772055814,1.117688230633854,0
8.060820525374735,169.866719396133,-35.442916205700186,0.3609041286617889,0.0,0.25662881963259193,1.1154957398808736,0
8.429590572421027,168.32123792759023,-35.71932291335725,0.368081349127796,0.0,0.25468638192312737,1.1142393890001483,0
8.23348218790822,167.7456033509643,-35.47825333778775,0.36808517018283704,0.0,0.2551756046998838,1.1142393890001483,0
8.583639374336862,168.46373650478876,-35.149983566126004,0.35761124694673196,0.0,0.2625189880190583,1.1178803356356337,0
8.674602360312951,168.33346951255066,-35.0113682213374,0.35115844356490356,0.019280747181992474,0.25703387060649563,1.1236791062647666,0
8.794062958458024,168.50237638075407,-34.90023734081751,0.3443753549119907,0.0,0.2563725382254575,1.125170333824013,0
8.991532927611896,169.28810922645803,-34.88155779684543,0.3543716496100122,0.0,0.2591656449136547,1.0994061001219184,0
8.537696724430242,168.66793023367217,-35.18183357639138,0.3678945522745678,0.018777894154716993,0.26433853795161605,1.1117247611796524,0
8.454049278298935,168.84224562770248,-34.96824739511303,0.3612838974279968,0.0,0.26516603045760573,1.117639791215428,0
9.155266311099913,169.3342841511351,-34.881188799829566,0.3612838974279968,0.0,0.2627799268565955,1.110917606307754,0
9.17296500152485,168.53930834743431,-35.14395684105939,0.37158681067691846,0.0,0.2598453691067929,1.1303302836825586,0
9.007170386479128,169.59993530639687,-34.91484686957597,0.3729029165187384,0.0,0.25992702494829634,1.1147436857257154,0
7.8338520669452905,168.18663493722747,-34.88230404314261,0.35640965867102564,0.0,0.26556262092643446,1.1219593335525535,0
7.929974401971028,167.60238118117118,-35.36446063662712,0.3639258660955732,0.019072719867469376,0.26422057474220384,1.1196677777106947,0
8.110211696274973,168.41608230434076,-35.29540944531767,0.36857376421013127,0.0,0.2619211701604733,1.1120397562813698,0
7.617326971063147,167.69720925204135,-35.4055979268681,0.3639258660955732,0.0,0.26422057474220384,1.1214184567972478,0
7.848401279051901,168.15541683757206,-35.589858167760724,0.3690400550307331,0.0,0.2605975263970671,1.1278141299720585,0
8.361114058676003,168.941634922277,-35.543539942241466,0.3648439651032257,0.0,0.2605975263970671,1.1199299316266422,0
8.361114058676003,168.941634922277,-35.543539942241466,0.369876515277568,0.0,0.26422057474220384,1.1246606848468788,0
8.245069961058379,168.83736011310216,-35.54950982787384,0.3675606563092266,0.0,0.2640921168889279,1.1246606848468788,0
8.554119620836431,168.55451683221332,-35.452621264506085,0.3782686951325829,0.0,0.26544191398346506,1.1246606848468788,0
8.503331458556191,167.91927787542375,-35.65862899317421,0.37407260520507546,0.0,0.26181886563832835,1.1290451625506597,0
7.848401279051901,168.15541683757206,-35.589858167760724,0.3790809694492461,0.0,0.2604874920853346,1.1279788901392815,0
8.993497015915558,169.41556940219638,-35.52351105390179,0.36179202695423496,0.019280747181992474,0.2604874920853346,1.1299873344748286,0
8.361114058676003,168.941634922277,-35.543539942241466,0.37407260520507546,0.0,0.26181886563832835,1.1246606848468788,0
8.319074604236047,169.2865282981305,-35.48733284484985,0.37092464823194204,0.0,0.2590555414721488,1.1332916346823256,0
8.815877955440492,169.07536291142037,-35.70002325463613,0.37407260520507546,0.0,0.2604874920853346,1.1246606848468788,0
8.247633559536542,168.4402454859791,-35.67959157491094,0.3772087672739034,0.0,0.2577382196824008,1.1159456191256454,0
9.30314599268604,169.02980452756154,-35.57401075202641,0.37548577991451715,0.0,0.2604874920853346,1.1211785895449824,0
8.223364361802293,169.25513192129003,-35.558585029479346,0.34739460717347204,0.0,0.2577382196824008,1.1332916346823256,0
8.842071277328499,168.99967490142132,-35.377433207339834,0.3421318513566264,0.0,0.2558907406603347,1.1252565812545923,0
8.452149495561043,169.87184616908465,-35.41393107938822,0.3485323221519908,0.0,0.2577382196824008,1.1269217126919608,0
9.294071319714618,169.5711056803274,-35.342149318642726,0.3759409347163656,0.0,0.2577382196824008,1.1356430282256027,0
8.805343458874386,168.76063562099236,-35.6753051110097,0.3748848795217386,0.0,0.2577382196824008,1.125885100916526,0
8.921618934425826,168.85589388070326,-35.6708616539272,0.36105555128139366,0.019072719867469376,0.2590555414721488,1.112433695369432,0
8.48035100613789,169.51345670814445,-34.98487266484465,0.3519019458885707,0.0,0.2571192817637175,1.1199299316266422,0
8.908085948761538,169.6334234354985,-34.895882201747106,0.35833201620737676,0.019072719867469376,0.2515114259666498,1.1232481369190452,0
9.422335406747113,170.6417053695173,-34.647429600331776,0.3697198019748874,0.019280747181992474,0.24887137428412387,1.1249132683564138,0
10.01258390082413,170.13116036323265,-34.76568390288154,0.3748848795217386,0.0,0.2527666474909688,1.132544883192295,0
10.367419836659177,170.15688724774657,-34.65751020944683,0.37901705879552794,0.0,0.2501265958084428,1.134896276735572,0
10.109441877293392,169.96765567972642,-34.84297416126411,0.3697198019748874,0.0,0.2501265958084428,1.1278141299720585,0
9.409325607376898,169.81473488429774,-34.815305953627195,0.35876733854731446,0.0,0.25403108948646225,1.1156201154897203,0
9.338093439185698,170.4810385331416,-34.39675698570308,0.3665484629517577,0.0,0.2515114259666498,1.1317645974073562,0
9.991696386705941,170.21555136028894,-34.45676298191544,0.36474886700776576,0.0,0.25403108948646225,1.1234733415051057,0
10.562249309412564,170.63340368729334,-34.51505358681387,0.37642648001440676,0.027560657131069862,0.2527666474909688,1.134827745460453,0
10.280094828716274,170.2207984411525,-34.333612371741495,0.3603273729627182,0.0,0.2464066695777205,1.1427987137104836,0
11.170758908625066,171.06062578630082,-34.14300009897386,0.35690852029235515,0.0,0.25011633053228655,1.1291647347535791,0
11.863624541390731,170.63622754009484,-34.254125678319326,0.37390266964525987,0.0,0.251377831187277,1.1371342084425784,0
11.357149359405442,169.85668912887127,-34.33504383200038,0.36855269906515165,0.019810721293758184,0.2482203567398745,1.1322820973289431,0
11.863624541390731,170.63622754009484,-34.254125678319326,0.36855269906515165,0.019810721293758184,0.24913771955689856,1.1322820973289431,0
10.610100891598647,169.85595093044552,-34.24516830121814,0.3582369181119168,0.0,0.24845900902565823,1.126935208047192,0
9.278799471305385,170.4126086737475,-34.01717132409984,0.35833201620737676,0.0,0.24850110201164274,1.1317069658598662,0
10.960185572436943,171.1646900964143,-33.9664886189302,0.37755887450781,0.0,0.25128488648677916,1.1197702276117178,0
9.367309335275879,171.0675251403425,-33.768751974305104,0.3612838974279968,0.0,0.25039922021188904,1.120525828101599,0
10.675410453808375,169.13687216810837,-33.95400223975531,0.3723634639760516,0.0,0.24971707305217983,1.1193040079894463,0
10.331338415211105,169.85716809540966,-33.52522554401934,0.3612838974279968,0.0,0.25647021605958537,1.120015513708712,0
10.437874509352222,169.69395635220354,-33.600682039852096,0.3612838974279968,0.0,0.2533332008908131,1.1263523502734,0
11.25243612336758,171.02308191416606,-33.76240077629747,0.3802862819057783,0.0,0.24845900902565823,1.1175167399413624,0
10.609898793722662,169.918116803274,-33.488009482258356,0.36684999746822455,0.0,0.24735811879611036,1.1208791353463274,0
9.839161430530558,170.6260163385334,-33.413196308714966,0.3714348876731852,0.0,0.25016008485330465,1.108622761829679,0
10.185436131373578,169.73839803496435,-33.344856486700344,0.36687016609151035,0.0,0.25451587000764114,1.1353175531610502,0
9.594420716676478,170.07795375558356,-33.17176459242647,0.3702534437926538,0.0,0.25724363012706275,1.1217314942199423,0
9.558527592543374,169.30430604246789,-32.96434786810285,0.3716155783994409,0.0,0.25847419113840603,1.1201022424049232,0
10.250500509794248,170.9567888504375,-33.08958300618759,0.3570672473528851,0.0,0.25815651985259247,1.1251691944922912,0
10.517972067622388,171.07361039178406,-32.920848863474106,0.36479122496935734,0.0,0.26489905519891854,1.1104484919467483,0
10.21474841058661,169.925396531982,-32.973509802335336,0.36001912857350515,0.0,0.2668690830736075,1.1201022424049232,0
9.730285920106514,170.35763885374195,-32.57651890876665,0.3709564392909656,0.0,0.26427279960659206,1.1223169685563645,0
8.609585797712416,169.83136896295596,-32.7110982107483,0.3623755060740339,0.0,0.26315863035193365,1.1159803822011938,0
10.139659053065191,169.57466055848153,-32.77706344457607,0.37379337873047,0.0,0.2655468913804826,1.1328512949337166,0
9.044181021429129,169.85203207275165,-32.27964210812037,0.35985720799946574,0.0,0.263484381442458,1.1177287710726067,0
9.187156617013363,169.45849362014232,-32.26725615654199,0.3532242749239817,0.0,0.26472493475257475,1.1201042127920118,0
9.062133441191937,169.0999198127438,-32.50459927617707,0.35502205103824136,0.0,0.26245602905096205,1.112310017785727,0
9.831353005284031,170.42611218169395,-32.29743928768312,0.3683106170904674,0.0,0.263484381442458,1.1144593313019295,0
8.767116485926762,168.93682983967238,-32.18900841618405,0.377554575160999,0.0,0.2657755879832682,1.1272528300137128,0
9.117867858229165,170.32750490267532,-32.09413716254771,0.37303288408595314,0.0,0.2625148858939087,1.1112895550675645,0
9.086366020831727,171.503761243478,-31.544076974281964,0.3592881403716567,0.0,0.2603564863403344,1.1191904933967889,0
9.61849604200221,171.87878643792845,-31.267010479658914,0.3592881403716567,0.0,0.2622579779656238,1.1180107431341122,0
8.9059131081344,170.336358035438,-31.75021994256052,0.36640743907662293,0.0,0.2602965038382224,1.1180107431341122,0
9.49026043209898,171.00674076524456,-31.519913423235838,0.37099488564056465,0.0,0.26163463607093196,1.1191904933967889,0
9.184008890025751,171.36571131382,-31.8799423667506,0.3672279874712555,0.0,0.2592271143883095,1.1113486951050857,0
9.077533543620076,170.57538878561144,-31.87492601962,0.3712840624953253,0.0,0.2572048391655318,1.1113486951050857,0
10.250082799082502,170.21676874668205,-32.178880269801844,0.36137848337337586,0.0,0.25380757724396685,1.1162122811552433,0
10.769398803768617,171.08532463845052,-32.09527416201577,0.3722655772627681,0.0,0.2572048391655318,1.1239712691825685,0
10.584297876120258,170.8294973631147,-31.65744141705624,0.3581916779593164,0.0,0.2634822779882221,1.1239712691825685,0
10.584297876120258,170.8294973631147,-31.65744141705624,0.3581916779593164,0.0,0.2592271143883095,1.1239712691825685,0
11.010513759184546,170.9286933565243,-31.579035359421706,0.364964607169171,0.0,0.2572048391655318,1.1162122811552433,0
10.083287620428075,169.97254728716172,-31.73796558419874,0.37888558300409036,0.0,0.26283691288427136,1.1162122811552433,0
9.836775951765425,169.370349231297,-31.73514772874082,0.3673384935662066,0.0,0.2549738867576947,1.1240064761615278,0
9.983433771568581,170.34173475661845,-31.437826613284496,0.3705663775869809,0.0,0.25819238010829554,1.1303980906523694,0
9.97812979273873,170.65027424389805,-31.017603149347455,0.361618290228737,0.019566512004870806,0.2667345120892923,1.127619268945593,0
10.378971670633767,171.54684389470575,-30.26837737489882,0.3589660790414028,0.0,0.26287525859289096,1.1264436997637015,0
11.074725622100935,170.79693317681728,-29.488229370327357,0.35429746685064345,0.019100532816794493,0.2661467719003493,1.1316583879802002,0
11.02144499435542,170.09803872303962,-28.76466243335607,0.34793236652861703,0.0,0.2630150440630016,1.1358729637543994,0
10.94950210886357,171.08292040432787,-27.795645017762837,0.35980633765596076,0.019787437382135124,0.25764550424393656,1.1296529664150659,0
10.949321791497429,170.3122992588978,-25.81677073309445,0.35213784841313645,0.019425717247145282,0.2626067966323037,1.1259280290851474,0
11.906610765486024,170.0944876160865,-24.636217922455454,0.3542812605071509,0.0,0.2657471146953647,1.133236637115692,0
13.61405645798602,170.56182722754855,-22.950947514137628,0.3582618368593836,0.0202444082544729,0.26919558831548124,1.1268917076953442,0
14.800620136144618,168.96909631687407,-22.476635386494852,0.3488935487793916,0.020532539058829544,0.2922192626460627,1.1046424917223763,0
10.519119988545537,166.95908649764496,-20.31356567316229,0.3515237693000213,0.028121636040639855,0.3248831391203763,1.1138073901987642,0
12.300667608392937,166.75968564668452,-18.937772547569256,0.3583665829070044,0.0,0.3113335136372871,1.1123445221997896,0
12.04972579693214,166.06874450676062,-17.88811449630918,0.36544586786926975,0.0,0.3175541556551844,1.1249266336602348,0
12.218658527020715,166.96321351639156,-15.456505980816978,0.3555775246433861,0.0,0.3091365111257034,1.1350446141801456,0
11.456985958232595,165.94946417773917,-14.161333446872751,0.35111158771558687,0.0,0.2972259466534311,1.1396495297101983,0
12.596727845681015,167.18329665288834,-12.630940634623173,0.35638299525411676,0.0,0.28621431002341813,1.129806951306929,0
13.84746242146183,166.5719166038925,-11.244744822330354,0.35637849026308266,0.0,0.2759841865604999,1.1324068949692936,0
14.455349637689213,166.79456799717647,-9.792901468734504,0.37388769603637406,0.0,0.27906089877383206,1.1367300272355156,0
14.226453517863447,167.1857855805356,-8.63976580277463,0.35798555334830096,0.01985753676973844,0.2734581997332529,1.1285210834513237,0
14.807884854045742,167.10329329510435,-7.861588946596356,0.35714773305883957,0.0,0.2776417999053141,1.12988677521839,0
12.991480248619906,168.10285034544526,-6.372649408611149,0.3603077408019584,0.0,0.2720134120059309,1.1218416076926612,0
14.837723602326207,167.4806086630969,-5.8531974678049705,0.3591488444790081,0.0,0.2687259032182561,1.1253365766339818,0
14.637355508109671,167.00558000009573,-5.279129646276927,0.36769040358572996,0.0,0.2697542489523704,1.147987085255952,0
13.529937976241968,166.49733395212132,-4.877484999029873,0.3601796244525261,0.0,0.2717598759965078,1.144317826754236,0
13.194530377868526,166.4454237994021,-4.349201812247961,0.3651776246443382,0.0,0.27154352583298486,1.127878579911457,0
10.325031608748043,166.44291060097942,-3.9805711725208397,0.35215095944156305,0.0,0.2789046458964922,1.1241208833698288,0
11.360221368964373,167.55173499489823,-3.6302048941401033,0.3516860175130071,0.0,0.2672751077013527,1.140085326241877,0
11.039473553450096,166.51628450449562,-3.505996256997213,0.36123599794439454,0.0,0.2629222038046963,1.1406250816981611,0
10.78996122154053,167.3610565338236,-3.4327389069972143,0.35410996834520647,0.0,0.261245790283075,1.1289384674130405,0
11.296087513642435,167.3560788887534,-3.7743630736545173,0.3623868371472192,0.01957400731715678,0.261245790283075,1.1348758594882038,0
10.186497467570266,168.7658258454652,-3.120084010813777,0.36429556496534043,0.01957400731715678,0.26051709861950983,1.1284303927236725,0
10.218248075702009,167.1747479882927,-3.3900094994606063,0.36292742989812954,0.01957400731715678,0.2573104721079583,1.1289384674130405,0
9.985018021349164,167.62682909533223,-3.36037345421329,0.362297634010732,0.019198845032223247,0.2580613665422834,1.128527800146775,0
10.163780781010892,167.4248957314803,-3.165211738327885,0.3567616550279294,0.01957400731715678,0.2625075695657922,1.1381162267580984,0
10.348773814576743,168.08532972011733,-3.2580548545133055,0.35669873922078055,0.01957400731715678,0.25570727979425795,1.1222159100584643,0
10.049843974875541,167.71944103454558,-3.280297398946485,0.35700609060428484,0.0,0.26412552345271534,1.122305456026689,0
10.322253533025133,168.35408628035057,-3.0325593311669774,0.3722031785378155,0.0,0.2636040755834882,1.107281716665431,0
10.166642658591366,168.13726691772771,-2.834466981885386,0.3566332931165911,0.019984019174435787,0.26151568454386737,1.1240612196362596,0
10.85868663136325,168.47363247200363,-2.978424005584483,0.3594238025192418,0.0,0.260112923675742,1.1400529522751952,0
11.130365601792162,167.11690449080737,-2.817842819221586,0.35919783085184664,0.01957400731715678,0.26315334660052875,1.1441134407904088,0
11.291898853201378,167.54373980758967,-3.1717492523792634,0.34795751373874095,0.0,0.25564027191941835,1.1450556048286635,0
11.776667125060328,168.00625768590876,-3.1128823425681285,0.35774566095018834,0.0,0.25869504458185366,1.1445257718621136,0
10.358108776797115,167.64041854272594,-3.0483318701128392,0.36512022758385515,0.0,0.260112923675742,1.1243631982756697,0
11.24900217225948,167.64880735425746,-3.019382450126026,0.36283250484628177,0.0,0.25724346651146857,1.1284303927236725,0
11.359517616096939,167.94597113121876,-3.0671322892441766,0.362297634010732,0.0,0.2596694320626644,1.128527800146775,0
11.652750103752446,168.22307890533747,-3.0642963136419117,0.3706932232744976,0.019984019174435787,0.25289398083249814,1.128527800146775,0
12.347350136701209,169.15109116310842,-2.89741500969072,0.3576526404476216,0.0,0.2596694320626644,1.1248712729650376,0
11.250558770552582,167.6976261977675,-3.1853152898905996,0.3658961193022008,0.019592783347677303,0.2641842637010681,1.127041927962777,0
12.130616500710563,167.69765889939177,-3.1549643920717103,0.36228670608902064,0.019592783347677303,0.2614352115219102,1.1172268964125602,0
11.482578438433965,167.00540268180657,-3.4372482386290946,0.3649711959401256,0.019984019174435787,0.26442517363181767,1.1276682307917285,0
11.26372840776387,168.1896775917854,-2.8844236304798363,0.35077523523837956,0.0,0.2690436752268276,1.1200090683909303,0
10.797921073320422,166.3012845935536,-3.334597843254424,0.35387083063015107,0.0,0.2932342499550453,1.1174945608226317,0
9.370771176231585,165.3472191840378,-3.4102919753258782,0.37032890779440786,0.0,0.300433743970446,1.1184067733783511,0
10.529460598781498,164.2502532583332,-3.7550515826456246,0.3501906832483025,0.01996409690931557,0.30546512312624313,1.1346686314653804,0
10.002437147648934,165.08483301103172,-3.198835839606165,0.35077001923491447,0.019984019174435787,0.30957259651926833,1.1357208672572034,0
9.640431272632913,165.30153661969294,-3.121640535532962,0.35354801779290435,0.0,0.31566407027283966,1.1270606523646487,0
9.213954500109024,164.74620436916678,-3.0911023490274836,0.3586540318769896,0.0,0.3245778580456353,1.13554337311598,0
8.9622520397327,165.41011979598028,-2.808686786182772,0.3527285677157157,0.039185566695354605,0.3197556186878691,1.1357939974954037,0
9.843892217189078,166.46620231097788,-2.501034920541098,0.35930946359951826,0.01960407493444558,0.3254882866247296,1.1385835824272106,0
10.297055595922153,167.3071674354231,-2.4365995976708428,0.35128552926497053,0.040807829325038625,0.325743690112948,1.1374010283871652,0
9.632656499512015,167.66665548655027,-2.4407168234592773,0.35108398772390126,0.02039118475715464,0.32325032880625476,1.1376280854864187,0
11.270440403397815,166.80069120545159,-2.8927732388266345,0.3409153993601374,0.0,0.31566407027283966,1.1365521337955053,0
9.981672968574589,167.44563765823065,-2.5518488787541735,0.359107922058449,0.02039118475715464,0.31737988326893507,1.1374641868259494,0
10.362034787664689,167.24266704222666,-2.7067019347640926,0.3592367581149216,0.02772434865007138,0.31737988326893507,1.1358106369122432,0
10.37345367552724,167.63805439035386,-2.449296146367756,0.3536238887462089,0.020403914662519312,0.3202744613907898,1.135854394754797,0
11.712933908005379,168.36258343736597,-2.584780673078906,0.35104759855570944,0.019984019174435787,0.3213195494665289,1.1421742384228373,0
11.752496015284537,167.96563824695195,-2.488468983122027,0.37468214440858805,0.0,0.325743690112948,1.1418268054752732,0
11.634048873397138,168.44740757332133,-2.252652897324585,0.3664837295007019,0.0,0.3170977820233129,1.14376965905188,0
10.718085180055077,166.84748936369164,-2.155173172338166,0.34541345533452433,0.0,0.3227426972141541,1.1478663334950987,0
10.718085180055077,166.84748936369164,-2.155173172338166,0.359107922058449,0.0,0.31820547158468665,1.131421393402993,0
10.354802190960418,166.50950753168559,-2.588946145777244,0.3668792854717391,0.0,0.32270042481808375,1.1302955011393063,0
10.224957794874689,166.95079076529356,-2.3636595056569107,0.35356052863756515,0.0,0.32270042481808375,1.1478663334950987,0
9.854109817998802,167.22345279123618,-2.274632887493414,0.3588315007219935,0.0,0.3237614526024054,1.1302955011393063,0
10.49034167200909,166.79341785923697,-2.8511248695951448,0.36716824556118843,0.019592783347677303,0.31782576747439445,1.1306030078952953,0
10.137089776273168,167.261028613343,-2.8538070225740184,0.35967991453578096,0.019984019174435787,0.3165573746551805,1.13386851771781,0
10.29861216222357,167.43583830958923,-2.6377674248781395,0.3557348051869301,0.0,0.3207646938719487,1.1366914577836336,0
10.814392297626968,168.04818690419114,-2.259929123006952,0.3550674362666694,0.0,0.3181637934682096,1.148024216048415,0
11.79105567650313,168.96407417838333,-2.510004058457679,0.36051672973410015,0.0,0.32386568417781,1.1417046212400486,0
11.76299082311054,169.32136710455563,-1.8598428598443653,0.3615717267959119,0.01999600119960014,0.31053941483907765,1.1416157707612036,0
12.185513744354001,168.65197239083008,-2.1209957213017705,0.3689300077773787,0.0,0.3165664195671999,1.1415583200321997,0
11.78991387002255,168.95483971576692,-2.229489371053058,0.3616940158242037,0.020403914662519312,0.3197134870352734,1.148024216048415,0
11.711687796505716,168.80461836384472,-2.3284319268400417,0.36587259546454476,0.0,0.31640704738120273,1.133716456133365,0
11.711687796505716,168.80461836384472,-2.3284319268400417,0.37552657639668985,0.01999600119960014,0.31640704738120273,1.133716456133365,0
10.991728889684998,169.37229238120977,-1.8934987527085854,0.3560890152217916,0.0,0.3180874573519227,1.1376783872735443,0
10.8762806535783,169.04766748385606,-1.7914457021748447,0.3758922008696325,0.01960407493444558,0.3180874573519227,1.1315792759563095,0
9.928972996243111,167.99311131029899,-1.9870703262903642,0.3536238887462089,0.0,0.31646129633957504,1.1297080260629437,0
9.274953785002978,168.50840741521284,-1.6658587189531617,0.3565426640430672,0.0,0.3208059382876782,1.138751424021688,0
11.337458948467273,168.73622690771757,-1.7807901412576628,0.36697849263279064,0.0,0.3197545962852175,1.1343942610474371,0
10.62806880180066,168.90494598872868,-1.7161842386588684,0.3616940158242037,0.0,0.32090921836650815,1.1443298093028798,0
10.62806880180066,168.90494598872868,-1.7161842386588684,0.3700827053716216,0.0,0.32250747572906946,1.1443298093028798,0
11.191297597369019,169.0613984383998,-1.9581872152239708,0.36203325301943046,0.0,0.3182506857817724,1.1465988597003358,0
11.128637390999785,168.9050093425597,-2.0591734369384516,0.3539147386724265,0.01960407493444558,0.32090921836650815,1.1436955002092553,0
10.526155054005068,169.65448187147862,-1.478479097703667,0.3686398548031181,0.01960407493444558,0.3165664195671999,1.12166273051368,0
11.087423840989347,169.8153083049885,-1.7148433323714611,0.3633573481845789,0.01960407493444558,0.3178469968320907,1.121841727796797,0
10.907090648400152,168.8169473919059,-1.5636383310018847,0.3645738267876881,0.0196078431372549,0.31342232506196144,1.1378401575581718,0
12.247623686527474,169.58067505532864,-1.7024448431836774,0.3766721437446907,0.02,0.3182506857817724,1.1317470259530416,0
10.479883758432006,170.4007635366664,-1.4060397343368272,0.3766721437446907,0.0196078431372549,0.3165257202051983,1.1317470259530416,0
11.103162933263759,170.4402404358113,-1.388825681494888,0.36192593683077323,0.02,0.31541179748590925,1.143860322763404,0
10.556871781522313,170.04876035865897,-1.303828877791336,0.3533897199830026,0.0277296776935901,0.3165664195671999,1.143860322763404,0
10.620125778143015,169.14122180088697,-1.644314017364302,0.361157119837591,0.0196078431372549,0.31644773148407085,1.1415583200321997,0
10.988893849053454,169.2543743329692,-1.6985516824957976,0.35691007926878837,0.01999600119960014,0.3165664195671999,1.1356325857204776,0
11.046525657810307,168.35831204960633,-2.042274831284389,0.34675111754213606,0.0,0.3165664195671999,1.1376783872735443,0
10.715222922478768,167.8953412136561,-2.1459176434407525,0.35498023839096393,0.0,0.32090921836650815,1.1417811803326754,0
10.715222922478768,167.8953412136561,-2.1459176434407525,0.34675111754213606,0.0,0.32090921836650815,1.1375274812170006,0
10.716638142625717,168.98329083299325,-1.6964264288006428,0.3549740583696618,0.01999600119960014,0.32526742517011553,1.1383126963671688,0
10.520815996955738,167.728168651558,-1.9598906963390652,0.3569520864810775,0.01960407493444558,0.32090921836650815,1.137495822760885,0
10.13006986272181,167.86130565898046,-1.741265882109232,0.35583712962894776,0.0196078431372549,0.31940492982114804,1.137495822760885,0
10.540115021480865,168.78140508828042,-2.086435281723686,0.35583712962894776,0.01999600119960014,0.31640704738120273,1.137495822760885,0
10.943762094479295,168.50090369031554,-1.9710798394800824,0.3705032630901106,0.0,0.32090921836650815,1.1215009602290524,0
10.943762094479295,168.50090369031554,-1.9710798394800824,0.378641121681053,0.01999600119960014,0.3197545962852175,1.1215009602290524,0
11.110875609444312,168.9642775051491,-2.3240555142080486,0.3693425221105535,0.01999600119960014,0.3240711335260194,1.1216799575121694,0
11.174738486590952,168.58400948735004,-2.2263861968164296,0.3560890152217916,0.0,0.3181903895161855,1.1376783872735443,0
10.64251777503768,168.26908691330803,-1.9971349606200308,0.36115073062560155,0.0196078431372549,0.31809352566453564,1.137481199380755,0
9.601165649919254,167.8638610280667,-2.185435536532691,0.3557348051869301,0.0,0.32709878281921373,1.1425774831740894,0
9.601165649919254,167.8638610280667,-2.185435536532691,0.3553082202904371,0.0,0.3255205164782314,1.136130641927907,0
9.853109936894963,168.17571842019257,-2.1806347461418683,0.36308749744221425,0.0,0.32533824995538213,1.1340201771095826,0
9.971757417766476,167.6606291474467,-1.9302757921953713,0.3626481722508672,0.0196078431372549,0.3239081092179471,1.1258521105705768,0
9.717134259494866,168.6263817593695,-2.1352108206280827,0.3707927447237093,0.0,0.3168583621200991,1.116301242243773,0
8.883367834895623,168.59575713502173,-2.179627133820526,0.3775412842474648,0.0196078431372549,0.31521884706360487,1.1178990151139945,0
9.339293864499387,168.26834392113435,-2.20212360602381,0.3693425221105535,0.0,0.31644773148407085,1.1123262641760894,0
9.463554224089195,167.81795931240836,-2.416474653443061,0.3542831219632172,0.019592783347677303,0.31373608502455563,1.1123262641760894,0
8.93863132468701,167.48083616166164,-2.1817902917574217,0.36275333552143896,0.019227214231343204,0.3076141093789557,1.127495685107521,0
8.89396258028846,167.99039110851433,-2.3112183589678255,0.3682509986503091,0.019592783347677303,0.31509011545310806,1.137325325542809,0
8.756070848509056,168.35757844450137,-2.4073898029577805,0.37552657639668985,0.0,0.31363550117566125,1.1275411966099345,0
9.658053454514473,168.55474893774917,-2.448119437094875,0.35060663872054676,0.0,0.30604879280407393,1.119612382454044,0
9.961986940812146,168.38949201061396,-2.5321527622138738,0.36249250338358513,0.0,0.3075482207776518,1.1312570291633288,0
9.86740551191263,168.77084677896258,-2.6300874562351506,0.3671378868492719,0.0,0.3104880081761252,1.1274499844332668,0
10.6296492329884,168.3830960422246,-2.419132733939284,0.3441481639497972,0.01960407493444558,0.29884903828612414,1.137325325542809,0
9.480164041186017,168.3015508575166,-2.639287035050791,0.36283156766689784,0.01960407493444558,0.3047596207436696,1.1341808326917149,0
8.953855499290922,169.59345399776166,-2.356029884812051,0.36159500815012163,0.0,0.30918521048883196,1.137325325542809,0
9.12863920945264,168.3081250931205,-2.587620502291182,0.3693606991854965,0.0,0.3079161165190893,1.1354757657754733,0
9.288002909882717,168.1119563794763,-2.3885417331834056,0.3559139484166768,0.0282786160897032,0.3148021076401421,1.1450725005070361,0
9.29356694662523,168.03834218667225,-2.698170521977955,0.3466787467192515,0.0,0.30918521048883196,1.1334365490447,0
9.745980499219284,168.53520204435287,-2.8779639409392854,0.3600711496309314,0.0,0.31081001919284745,1.1331829663386608,0
10.596149208194882,168.72120670515233,-2.908133612037072,0.3615760220876226,0.0,0.3180943663188749,1.1460416945925538,0
10.364361789354797,168.63017395395167,-2.6593987848072027,0.36694464386923864,0.0,0.31363550117566125,1.13766970471111,0
9.63361067038042,168.2546161547835,-2.5998085893437652,0.35741624195784344,0.01999600119960014,0.3180338591767912,1.1432569666596193,0
9.554006682165678,168.70449397037405,-2.389414028298547,0.354713226231808,0.019592783347677303,0.31042025597504885,1.1379277458852681,0
9.672334065290945,167.94997953646828,-2.630371460695474,0.3529695880310786,0.019984019174435787,0.3180943663188749,1.1378720729227112,0
9.878033903426385,168.0638194857676,-2.7306759667098004,0.3613145735440113,0.019592783347677303,0.3151513295853605,1.1372696525802521,0
8.729670509826397,168.44655843725585,-2.4454778122633227,0.37218066306069264,0.0,0.3180943663188749,1.1334177567671235,0
8.817134472128492,167.7701950044544,-2.7691313578961303,0.3718854768792347,0.0,0.31974883751507394,1.139632057595624,0
10.298110847152001,168.46802730242695,-2.8223633212454007,0.3603306076138723,0.0,0.32417419087994637,1.124403674027529,0
11.192811733843076,168.03954407491182,-2.6966980624357655,0.35444287811947994,0.0,0.32417419087994637,1.138104756993818,0
9.928180069571471,168.2425485597383,-2.627540295061287,0.3613444696815282,0.0,0.3224917645456244,1.1401930646985214,0
9.707408786363816,168.75429041066008,-2.36353883481078,0.3702016883740953,0.0282786160897032,0.3165573746551805,1.1414528499782859,0
10.3117786204486,169.11189933173367,-2.4966247659608922,0.3713234082604881,0.020403914662519312,0.3165573746551805,1.1417475002765634,0
9.838762671180422,168.8893453063634,-2.0541292109268516,0.36975790627941335,0.01960407493444558,0.3210653288846166,1.14160472365923,0
10.29846468101344,169.50620189826367,-2.154346627554769,0.36386829237356866,0.01999600119960014,0.31521884706360487,1.1297517890491517,0
10.849099469669122,169.18899037267036,-2.1154803021658473,0.3550674362666694,0.0282786160897032,0.3181637934682096,1.1395675030835757,0
10.849099469669122,169.18899037267036,-2.1154803021658473,0.36194921818498305,0.0282786160897032,0.3210653288846166,1.1395675030835757,0
9.957495399824131,169.05662273321434,-1.9487255811437487,0.3549740583696618,0.01999600119960014,0.31936309460127543,1.1419431740804646,0
9.915414391243923,168.88211998349868,-2.0538845649758213,0.36386829237356866,0.0,0.3267672195942171,1.1357288732519644,0
9.617431089412955,168.7973767550218,-2.0726894392629864,0.3562041025738929,0.0,0.3225621514693396,1.135581600830624,0
10.296676037764213,167.6304666387075,-2.201187349242623,0.354713226231808,0.01960407493444558,0.32270042481808375,1.1394136332475127,0
10.296676037764213,167.6304666387075,-2.201187349242623,0.3556832283969753,0.01960407493444558,0.3197134870352734,1.1340201771095826,0
9.432574762759392,167.5034168319097,-2.0215082572192578,0.3634655530368972,0.01960407493444558,0.3208679606725752,1.1332409152907243,0
9.918363754384242,167.90607322541553,-2.114414701377318,0.35605132807779766,0.0,0.3208679606725752,1.1394494930829646,0
9.432113319894766,167.23219295762485,-2.272756302893972,0.35605132807779766,0.0,0.3208679606725752,1.1353513801090487,0
10.18552810354671,168.3829242090683,-1.9605433543247532,0.35355025928909845,0.0,0.31934486315348737,1.1393906616071763,0
10.18552810354671,168.3829242090683,-1.9605433543247532,0.36436631144017706,0.019227214231343204,0.3153712465678965,1.1396535957224854,0
10.343707058222412,169.158479717307,-1.7380509706976521,0.36360504740184696,0.019230769230769232,0.32077352756148697,1.1396535957224854,0
9.179914027419732,168.60478446144617,-1.8838203130627473,0.36360504740184696,0.019227214231343204,0.3207646938719487,1.137495822760885,0
10.063195354870007,168.9322083298257,-1.878891682830918,0.3569520864810775,0.0,0.322242894841447,1.1396535957224854,0
9.592641128370383,168.7036050431858,-1.6839627071228023,0.3539147386724265,0.01960407493444558,0.3252256071633212,1.1401699234260345,0
10.233506759030925,170.24725076839238,-1.6074835918318968,0.3698194603998999,0.01999600119960014,0.3252256071633212,1.1455992393994165,0
9.836968753706445,170.54753130738882,-1.7275502913312342,0.37202008251080926,0.0,0.3207992331971853,1.1402239702658767,0
10.940287556155173,170.79975160355454,-1.941908477242524,0.3689300077773787,0.0,0.3241034521899297,1.1415583200321997,0
10.60214938457777,170.34480916721648,-2.0563801130672563,0.36972849533676017,0.01999600119960014,0.3226300077214682,1.145674385310432,0
9.692788030690867,171.29004570655323,-1.648894238091619,0.37276252637747553,0.02,0.328827762236321,1.136102309911648,0
9.749615328002001,171.9188971578114,-1.1268942264592916,0.35759513286771794,0.02040816326530612,0.3255205164782314,1.1321692648059187,0
9.634257761307596,171.91143213892292,-1.3988184533203538,0.3552916870262909,0.02,0.32987608158954684,1.1383694565323585,0
9.570356498376912,172.33275784394908,-1.5846637207352827,0.3595253443758414,0.02040816326530612,0.3298040986787046,1.1432569666596193,0
10.024455655464896,173.0507247798379,-1.7424491947618053,0.38023527181333894,0.03999200239920028,0.3355526058802446,1.1276447752038319,0
9.529904293269729,173.2109744256511,-1.1692805337551957,0.36768405903989415,0.02,0.3231054838267967,1.1297180664581925,0
9.383629209025417,175.5260109809964,-0.9247682209687917,0.37098245637026683,0.0,0.3312930147067995,1.1247534447519278,0
11.366920310771642,177.6926985681529,-1.4441376800508583,0.38887478453574975,0.0,0.32550091346008914,1.12844410638808,0
10.080900169817715,175.42901785083663,-1.099600318837169,0.358457469673144,0.02039118475715464,0.328639093592523,1.1415602315748425,0
9.322599772699059,177.2917043875151,-0.8810653913764037,0.3642490276954799,0.029456390796994286,0.33614918793452664,1.1267553930817056,0
10.819648811185045,179.32273487357767,-0.681349485870735,0.3753483523712888,0.02040816326530612,0.33637587657270945,1.138074325269109,0
9.755320733229524,179.280861115332,-1.2491439190528348,0.3653747484307166,0.020403914662519312,0.33740811961590556,1.1380110425597976,0
9.982267203784483,179.43398574418111,-0.9738295024759973,0.37139321564656885,0.0,0.339234223965721,1.13996071605793,0
9.916555815181999,-178.8060446331497,-0.5084507277059179,0.3788400270316868,0.02040816326530612,0.33480375878666324,1.1360082898005497,0
9.798983877183868,179.64040510052556,-0.5751797980841292,0.372332353060304,0.0,0.33913064777122504,1.1268603072205483,0
10.112026866296796,178.53255252847347,-0.5975263870825676,0.36209579818938864,0.02040816326530612,0.33858275081866357,1.1363756428139735,0
9.104634030245688,-179.19020100890052,-0.0521981778016143,0.3781483714822632,0.02,0.3343151672582732,1.136063175678888,0
9.33818617978585,179.96685395589103,-0.36539815350747673,0.37772791065385497,0.02,0.33122205426416945,1.1363756428139735,0
9.465481981739902,-178.98035682346583,0.09403744223490432,0.3781483714822632,0.0,0.33557205419522174,1.1380891291860937,0
9.35091874933546,-178.73677267050215,-0.14738729973862727,0.3681635407402983,0.0,0.3371152377251829,1.1192042220120648,0
8.448009306256896,178.9508567696807,0.057685304469335494,0.37082205262314183,0.0,0.33017046459279165,1.139906149698505,0
9.752944537719177,179.46409676532593,-0.3207089165341974,0.3664089394830118,0.0,0.3385183721522398,1.1384941071069872,0
9.853924653326082,178.27529206384477,-0.43890735264653197,0.37526830837278197,0.020833333333333332,0.3340332566071243,1.1342384112300055,0
10.268614858348554,178.01944488372752,0.17113159410864873,0.37294850452463263,0.029456390796994286,0.33127927275781205,1.1405494969417398,0
9.869964428935344,175.95311147124667,-0.37735439640095486,0.36396045673425703,0.0,0.33564529601773113,1.1305926448647798,0
10.283148937925175,176.8097938486699,-0.008901652560685772,0.36652271496917865,0.02082881368183567,0.3329452228964056,1.1406530441252705,0
10.143447810357944,174.0678801053961,-0.6340519349847665,0.3634545851555826,0.04081632653061224,0.329639863876987,1.1326980348585651,0
8.01940628641002,175.3574545780502,0.04938618592414016,0.3748872274184269,0.029462782549439483,0.3371888163623131,1.1362371013381125,0
10.108849180134728,173.9294064360189,-0.022961478843111467,0.3660463130122099,0.04165762736367134,0.3341250499543424,1.1407170971590266,0
8.984879811992432,173.80235129841222,0.1844668885377853,0.35592929398963613,0.020403914662519312,0.3340770135564123,1.1350890589459497,0
10.540491030900979,174.81372549427974,-0.06499771080768578,0.376382662111092,0.02082881368183567,0.33409160302793733,1.1269589905767345,0
10.084859997935567,173.68837329295522,-0.06974538783288796,0.36470561809864477,0.02040816326530612,0.329613981559688,1.1393717332513047,0
8.362712195296387,173.85018912878792,0.1839065948094231,0.377764029444737,0.0,0.3208196899621723,1.1231375985198355,0
10.047536325674443,173.30258825724061,0.12790454751656335,0.377764029444737,0.0,0.329613981559688,1.1234714130225814,0
9.265579953959007,170.92882230888864,0.2447060664173325,0.3565426640430672,0.01999600119960014,0.3295995876217541,1.133442860010148,0
9.415194624235815,171.6187449710831,0.02994577840629077,0.35759513286771794,0.020403914662519312,0.3250787780997435,1.1331093210776633,0
10.104026847026198,171.74938614532422,0.1784407381055545,0.36526532166035464,0.020815272356090667,0.33401288668939444,1.137188648382213,0
10.325771097911028,172.52989609126462,0.8666355030220381,0.37929410757066795,0.0,0.3295995876217541,1.1519437726714012,0
9.56735569345353,172.14413066673902,0.8028723449924198,0.3637954844671812,0.0,0.32955641711957745,1.137365761504665,0
10.599308295203372,172.83794224568933,0.8363014411097773,0.36369721176253533,0.0,0.32947605255187074,1.1418928206074974,0
10.56071637961209,173.50301805251908,1.1719475656148695,0.3644995493069192,0.0,0.32955641711957745,1.1395842185574436,0
10.677059729876508,172.83699630490412,0.8370417217925026,0.37243145091760055,0.0,0.33116845653018423,1.1418928206074974,0
9.215116064217465,172.19567083732846,1.4430614986364145,0.3740857810770828,0.0,0.32797383513641615,1.1521909461449469,0
10.043173302698241,172.10979612913144,1.3859745785879078,0.366892997131966,0.0,0.3266519333877641,1.1628187297493564,0
10.056776604010732,172.13615567981526,1.5078945383112075,0.3671664437360376,0.02039118475715464,0.322344633867963,1.1500463436698958,0
10.853375568329728,170.84869225758905,1.3779116108614395,0.36251491812761966,0.0,0.32214536684828393,1.1442125651784412,0
10.538717726358588,171.9490101274409,1.7430445425857661,0.35723459160923754,0.0,0.3265320023677496,1.1361582659789629,0
9.921755367665412,173.72086828990928,2.1642502088015445,0.35640946855385036,0.020792762051726844,0.32660982773155595,1.1423816084157934,0
9.270561004610277,172.27837996727513,1.7601726134731603,0.3555177451462466,0.020815272356090667,0.3309951001460159,1.1364147478987818,0
10.16540993885162,172.772827616628,1.9386307673403749,0.36453054323074585,0.02039118475715464,0.3250808875688792,1.138434020062514,0
8.913523149476546,173.21700369148016,2.417966797811764,0.35543966911202796,0.020792762051726844,0.3250808875688792,1.138434020062514,0
10.301291610628232,173.36493468162135,1.9199535394780896,0.36496907528230926,0.020815272356090667,0.32217967520905516,1.1421520485729009,0
10.448084059250476,172.76185738086573,1.9633802779356782,0.35728730495189476,0.02039118475715464,0.32381254736261017,1.1421520485729009,0
9.962270166927196,173.9708582698263,2.3997133433840308,0.36347670322733283,0.02039118475715464,0.32971109333566456,1.1207660148069818,0
10.332371796471222,174.73595929685328,2.5022294672834997,0.3648248645551493,0.020792762051726844,0.32368312300188284,1.1339522340763861,0
9.204868298810744,174.34744604673037,2.1474112147356643,0.3778158239893571,0.02039118475715464,0.32224621446292206,1.1241587210151684,0
9.61793482543019,173.74431065323355,2.45256220531681,0.37100700196287395,0.019984019174435787,0.3266364267492907,1.118550845389118,0
9.717928236955444,172.80368560954528,2.131599230024266,0.37560859698909055,0.028261670947211076,0.32971109333566456,1.1266998388195897,0
9.73954718572493,172.81296662877702,2.2481947448004447,0.3540230306934117,0.0,0.32222964560781847,1.1402925186135373,0
9.73954718572493,172.81296662877702,2.2481947448004447,0.35522548642335317,0.028233496609684876,0.3237514288012431,1.1402925186135373,0
9.716955463202506,172.9313092383183,2.358384725588474,0.3614261727356485,0.020370021093167764,0.32566268481892624,1.1402925186135373,0
10.133846977629965,172.4967346249401,2.3762065233485488,0.36103605612811285,0.0,0.328242257619334,1.1402925186135373,0
10.305195374847608,173.32744926806146,2.2802473970641137,0.36900098889826516,0.0,0.32530889668193974,1.1189476657663882,0
10.013767288417132,173.53763812032452,2.8074839674892123,0.3536295452744047,0.020370021093167764,0.31606425152927725,1.140282813907564,0
11.11661900585065,173.68023953465217,2.567537531147089,0.3527572523446621,0.03992819381863114,0.319192294183792,1.1342323844097217,0
10.48237388829101,174.45459430527808,2.7812284466699904,0.369670762741038,0.0,0.31156897224347796,1.1333689287858943,0
10.886794814544745,175.6483610285653,2.7425488844662227,0.3589853141649937,0.0,0.2970154265287601,1.1229885915258677,0
11.049330291582363,176.83038464154978,2.671672580598241,0.3620851650817928,0.0,0.27670524446621836,1.1090026668862958,0
11.394130541421518,176.3390917107653,3.0310787439822136,0.362095426697015,0.0,0.2765727025922929,1.1210744755211444,0
11.380686981866372,177.3290420297258,3.110656726668513,0.36818375053707286,0.0,0.26778594853517895,1.111783835829606,0
11.236064537893812,176.80934608108953,3.073319247358863,0.3617913910732102,0.0,0.27338193714765546,1.120123786892699,0
11.236064537893812,176.80934608108953,3.073319247358863,0.365745352120975,0.0,0.26531411378089376,1.1361066461831308,0
11.809077855986464,178.09185951815547,3.2505514248928353,0.3644532917352509,0.0,0.2568228908903091,1.1323373140129147,0
12.133835375034675,176.05964728394997,2.7766215851661555,0.36987470384879206,0.01996409690931557,0.25670433319887503,1.1232180137078378,0
12.095331666063322,175.8595752643447,2.9052992093505163,0.37204430336299477,0.059952057523307366,0.2617811058278464,1.1326544359923565,0
11.423981740765353,175.2380411752278,2.513273320224425,0.37862171547837026,0.1398881342210505,0.2582796255488431,1.1198900309458155,0
12.679875563612091,176.27201847875085,2.5635345675470638,0.3644167989989351,0.22896799591699732,0.255978164900398,1.1324531477439401,0
13.22563902618756,176.39193333407368,2.404352119305239,0.35238820862692044,0.24469421708585568,0.2572324289989936,1.1232180137078378,0
13.931474024670408,176.63905730660994,2.2476650320603127,0.37557740134427287,0.26525089061275103,0.2548431931270243,1.120822805619825,0
13.82406616167477,175.7001634680707,2.0734801938678675,0.3773556672359195,0.266034499086891,0.26132740336365917,1.120123786892699,0
14.242451953873935,176.00396054719977,1.9174596097093504,0.3594150210181808,0.2856548052752704,0.24855001102546453,1.112006728499661,0
13.91134895265236,175.24119246478318,1.805968224828659,0.36089380535059745,0.3004256830803803,0.24855001102546453,1.1049091696509183,0
13.657617022749397,174.62988808911828,1.6690957800318336,0.3743617838244232,0.3080649090421709,0.2423256903885883,1.1130782740918184,0
13.90546804508642,173.12374902644302,1.6330138044201934,0.3760636909515309,0.34051963020151865,0.24400747777331927,1.131575636391259,0
14.862038299160101,172.7536759032259,1.356297937224202,0.3509572107092519,0.3882109523790437,0.24125621115068815,1.1275359743301958,0
17.988252162112865,173.36802112516003,1.0321770403778523,0.36669927827358384,0.43799575086726333,0.24111738289044807,1.1107568484532235,0
18.184233372014052,173.07366898552985,0.9341319581747162,0.3587364878610291,0.5122923373563449,0.24279750383043608,1.1276147791160984,0
19.031623893041726,173.22063936324614,0.4945020920859254,0.3776362610148378,0.5212498334665335,0.23500880964942464,1.1312907473872578,0
17.834917967756507,172.13075984110262,0.41713978284848,0.3678668405935903,0.5623976895209559,0.23426823862603674,1.1272911571531863,0
17.023628176474332,171.30925406016905,-0.2981005629480094,0.36993400771275975,0.6122448979591837,0.23116037767393294,1.1216834944196432,0
17.982880313430762,171.65924146969675,-0.5850795807553668,0.36243288623764347,0.6253471258251514,0.2341935553440351,1.1272447145056543,0
16.03883153453315,171.2661911198863,-0.6289692877655639,0.3625457738125969,0.6328503643676493,0.227762603716286,1.1216834944196432,0
17.31770224694591,171.67906854358364,-1.1589772728244248,0.3656901785754748,0.6398720383872045,0.22937390773791402,1.1164331262532923,0
20.008471464815617,172.11500759312335,-1.478240550620108,0.3512461295639263,0.6736271853968339,0.2325401317020006,1.1312828816690854,0
18.83431885121481,172.0659512207183,-1.838216630881561,0.3671120739328678,0.6660887153949013,0.22869558915266397,1.112348850789635,0
19.760712685753365,173.42932724797674,-1.6643658113358104,0.35655509716438427,0.6802354659970183,0.22904132016338033,1.1010041479152128,0
19.653090146041517,172.98045540128297,-2.207644372677762,0.35655509716438427,0.6872192982967469,0.22790157171234832,1.1011711773981672,0
20.384131983812495,172.45990406961306,-2.785229052441052,0.3631060969036052,0.6806311673310972,0.22211957113456599,1.1103806856297358,0
20.6554077604875,171.15551066855375,-3.213191713002445,0.3490255629907162,0.6936000872845108,0.22473838310125907,1.1212491053320612,0
20.811556680782825,171.0116193286605,-3.520816469015228,0.36475932086345153,0.7139827097145349,0.22237779533674681,1.1257252199484395,0
20.39939818029596,171.5282323866149,-3.3909697900853772,0.36279539799620636,0.7141137908093265,0.21544933388467435,1.105156747451043,0
20.7286782084225,170.58035654544986,-4.112711871662554,0.35669873922078055,0.7289338612975326,0.21862226717577882,1.1215587561213796,0
22.48565202737018,171.21560188442183,-4.288992321133847,0.3552327308683326,0.786782148808932,0.21858892383714087,1.1235281983764758,0
22.416627483566874,170.6362723908504,-4.844120911973555,0.3608833026170718,0.7912185570467439,0.21858892383714087,1.114129162862565,0
19.61368968975981,169.41788144182996,-5.208906673626793,0.36883187911737186,0.7296252059629453,0.21732922045138617,1.1107935859793736,0
19.70838093940274,170.57222585623015,-5.705047610526158,0.3580182649205642,0.7898562570664135,0.2233986821722539,1.1183527163215157,0
21.604279525844724,171.08247833418162,-6.235478101936189,0.3599600908228253,0.794145934869495,0.21671721969002183,1.1107671940586263,0
21.715247777011715,171.2091526238269,-6.614182341346282,0.3560610659573997,0.7982654463098583,0.22078917374670595,1.1041714425615161,0
21.921227517355753,171.0742538713743,-7.130723864311321,0.3650711217071734,0.7982630987108241,0.22277343885189405,1.119756195118271,0
21.239900947299336,170.63755852494631,-7.8026609956246125,0.3399086490964181,0.7984390420588637,0.2217953194605768,1.1139175601992237,0
22.028168004502056,170.96576089880986,-7.587705166837422,0.3595880571344371,0.7807825888838076,0.22432486315501843,1.1160278656182523,0
22.53834307470751,171.06141550701423,-8.04067005446861,0.3572360346384319,0.8193394859705069,0.21778115792891495,1.1244641428470101,0
21.92288220043356,171.0357996583076,-8.374707478490915,0.3610270536843144,0.8144110179279557,0.21724295784839692,1.11567484903503,0
23.357918337156274,171.80138474195118,-8.512169327069971,0.36173482890815734,0.8144110179279557,0.21926032690505382,1.1210334674803242,0
21.643237294035014,170.59131863183632,-9.04808371574937,0.3469948660466876,0.8011368932303532,0.2172493248876799,1.1330865697108619,0
21.641881389920886,171.2287285380516,-8.895488312536642,0.3675221397838474,0.8594259996244757,0.2142342682778434,1.1274291926658053,0
22.159808897068256,170.80352147551577,-9.194735751711596,0.34645734145854495,0.8753083728402329,0.2158406520143653,1.139045061012068,0
22.385331236357832,170.8480486316951,-9.147056839702111,0.35231569502734117,0.8939106289060063,0.219598370072486,1.1356579538995553,0
22.285908415278424,171.5495500594367,-8.859988179619657,0.3437060049825656,0.8905456717841523,0.21892810852705064,1.137924535749445,0
21.27512790902541,171.05288639210497,-9.134601024265987,0.3695457799278571,0.8545714095764875,0.2231939117447813,1.143267180459833,0
20.773221783656336,170.46815549333178,-9.507335100443603,0.3452005874314181,0.8930981385524156,0.22130917013450818,1.135349030390921,0
21.604867388598173,170.9917491605585,-9.834087696327675,0.3552693425462373,0.8753083728402329,0.21761045873532459,1.134950812130895,0
23.075571858558355,169.6965028934482,-10.294843013025025,0.34908191434055735,0.9119492179648979,0.2143268414621862,1.1409393418671605,0
23.87726002341786,170.82679920418144,-9.789173232827153,0.3606705860881556,1.0,0.2176342019786365,1.1391165421102398,0
23.079002548165906,170.6759532526868,-10.052011135159441,0.35143127862690393,0.9316004337261319,0.21598217245411408,1.1374805038164146,0
22.208021002240386,170.62417390498663,-9.92006733760926,0.3568473850783823,0.9349632184556754,0.21598217245411408,1.1280205193252217,0
22.02589237828209,169.67719894099557,-10.376018878646295,0.3588846476819735,0.9330820981215224,0.22165537250163678,1.1495348519706265,0
21.74491705034692,168.67816336028218,-10.107542295921514,0.35222125431456786,0.9330820981215224,0.21692845592346333,1.1434635642287123,0
21.044942657285944,168.92647763799397,-10.41146692226016,0.3497169890864117,0.95422767656131,0.21508937045589613,1.1421843253866697,0
23.331645255064924,169.97538677424672,-10.445586112369027,0.3603064724666054,0.952102935611481,0.2141331151798247,1.1374805038164146,0
21.950094385851177,169.3573036386743,-10.36168954803806,0.3401373127075421,0.9137941768386824,0.2159662094987698,1.13044625736276,0
17.263426298477707,169.28040231618917,-10.712645511374555,0.34533296002158154,0.7153952704715768,0.22547536617377437,1.1089129097575663,0
16.415668801291975,167.9280286324055,-10.692678003116935,0.3516533041943718,0.7389008614570919,0.22710382396293693,1.1197061866998055,0
17.603911443984604,167.38451946481425,-10.96308567115205,0.34802346234569365,0.7153952704715768,0.2212033683909772,1.1460763054963061,0
19.06363520056993,167.75744331796355,-11.046593287857489,0.3523092909271379,0.6880209161537814,0.2252444858718733,1.130727879881239,0
18.7234961789513,168.20090596689988,-10.555403977261976,0.36507418872231245,0.7055819295183268,0.22768455555693196,1.127227583985385,0
17.144349961485986,168.28160786804372,-10.212851197648058,0.34683876123731555,0.6031264112024181,0.2331456474685518,1.1386963143054534,0
14.658976085316635,166.07082635958244,-10.582333416209371,0.3465980933893016,0.5582610548886653,0.2408553700752214,1.1301917638812122,0
16.33020682593689,164.83543161776163,-10.517483644054769,0.36572632566564817,0.5253447507795579,0.24139315439332135,1.1489504337468937,0
15.4932951047746,164.4118368372823,-10.122074438473252,0.35978416828365506,0.48887702514247394,0.2434793124803964,1.1571931153240413,0
14.987178646805674,163.4487039361719,-9.704807440373006,0.3490613546548825,0.4790634252353182,0.26152300033000986,1.1547845627383255,0
16.455860830867817,163.8862582396448,-9.767308056568108,0.3559855622035649,0.4373159256984912,0.27196750686448096,1.1563579657063596,0
15.335556740140179,162.411167807077,-9.821974125827456,0.3532374416376566,0.3976426261351493,0.294434590164264,1.136380261594363,0
14.215838008992566,162.24089873388334,-9.378310088069615,0.3634634864431842,0.3193813619217383,0.29759224607280244,1.1339390733660921,0
14.707191372784711,162.1595037366579,-8.755702839695612,0.3482308138332125,0.31283102126107615,0.2921987900862391,1.1526875045503877,0
15.65447708728217,163.89847954296857,-7.824287558324365,0.3592715724346736,0.2923526731023431,0.28436169493608554,1.1439347524657115,0
16.576074295091708,164.01048388130582,-7.6688970610069775,0.34151247942794904,0.2930422590081847,0.2798919786639595,1.1419094633131497,0
16.325691337549685,163.21725564749087,-7.604660801196018,0.3562144261630349,0.23911640711465107,0.2784411862785137,1.1299356687868714,0
16.777479484870113,164.42543771229572,-6.651767667527083,0.35828401665415005,0.22249707974499242,0.2827777199361313,1.1516815006033834,0
16.661803738707505,162.7847953915052,-6.637369530948435,0.36336359192861784,0.2198108998279392,0.2726999214048108,1.1473045142539766,0
16.5433383814852,164.32385071822776,-6.1209943325513905,0.36002760610851636,0.21554232067750978,0.26929913699462543,1.1391605959578528,0
17.780796074751457,167.45808950009612,-5.131497967072379,0.3532778473886422,0.13822389948556305,0.2692251467525454,1.15773588705021,0
16.00454235420178,167.6137840135623,-4.749606221053533,0.35852128350903184,0.1307440900921227,0.2667570695313647,1.1269518102673408,0
14.477874150932626,167.0008912506849,-4.417111764025058,0.3625078133420928,0.11247031897159646,0.2717393024044381,1.134146342605586,0
14.790426587873089,167.8310502463206,-3.8617181010302577,0.3502117617527183,0.05547001962252291,0.26327548653452737,1.1206045859275988,0
14.195590420177213,167.78522824903757,-2.651628794078865,0.3510484388757149,0.025695990389290258,0.2632493384669136,1.1380703253107498,0
14.844564433475545,167.9205361257276,-2.620999678767047,0.35857895649039057,0.0,0.260022988347425,1.1270441735927497,0
13.926510633137179,165.525807346555,-2.40777097383322,0.36637898310505623,0.0,0.26286866701876527,1.1303143943704337,0
14.212573605943348,164.7901315312096,-1.5947099946247283,0.35782969578463575,0.0,0.2734034105881546,1.1509691935881026,0
13.88359382018785,165.67627085626734,-0.5130217881787046,0.3456727001141174,0.0,0.2673750397181613,1.137115741463924,0
14.946068550935196,165.75629666004593,-0.5424126788194555,0.3685396786002357,0.0,0.2653677330512941,1.1259139664595808,0
14.919897945374277,162.99684462886208,-0.4263572654901158,0.36357816344471733,0.0,0.26845015960643825,1.1349725437869873,0
15.803933784058666,163.28123845350493,0.2524882340542517,0.3651553536403147,0.0,0.2658048126624287,1.1473267752599643,0
15.724431305786625,162.77329628465247,0.4039248230813173,0.3577674699929085,0.0,0.264723843704356,1.145185819113797,0
14.692057613278584,162.68807392076164,1.117329312956378,0.34817359848027163,0.0,0.26202622590781355,1.1516345364735527,0
15.553627834411632,162.8643182128062,1.463833951746092,0.3709054243233373,0.0,0.26240343233573765,1.13995970658425,0
15.949481983988955,163.62174530458833,2.6213259885835347,0.3659738158542244,0.0,0.26462066333215734,1.1368161467656601,0
16.171901219614405,162.67349721924276,3.0207084818455523,0.35422554749141244,0.0,0.26894247494237167,1.1442313098297459,0
15.344093903711927,162.0055661894109,3.7059863629022374,0.35188913702823926,0.0,0.2966104683857875,1.15116032691935,0
13.055107626080536,159.38609386447592,5.694585041439829,0.35209199496898025,0.018748169213489752,0.3218729793116687,1.1418850048551037,0
11.84808255432866,160.47400798758903,7.132462292664639,0.3676613035372663,0.0,0.32734945231147583,1.1431806946145482,0
8.448244411680882,161.49443478207021,9.026244707238954,0.34297999183683947,0.0,0.29503139362079706,1.1183991315851856,0
7.575967295479367,162.57196663152638,9.813453870161052,0.37433357947962836,0.025751310131230238,0.30883682645386035,1.1150998182404401,0
7.272096124744707,166.36162528791382,11.585641060104882,0.3442592242395147,0.01888473936501245,0.285380210644045,1.1242366041039606,0
6.647821088002919,166.60286281604402,12.617555237764634,0.36536307727480744,0.019167079295731936,0.284316625804222,1.1117827044994804,0
7.432262705692023,166.01312610797797,12.928618760233512,0.36312378790007427,0.019086611143795607,0.27955805904606285,1.1244849789900488,0
7.335112059627663,165.4614929134197,14.171446807794634,0.35342946526427693,0.01900028500641266,0.27637959177703925,1.1175785835965117,0
6.292284543477834,168.06267412059208,15.229606806246021,0.3644439218545515,0.027374154301398026,0.27658153481092906,1.1084365804021528,0
5.674358941630843,170.03378710416183,15.983479010490116,0.3622050152101501,0.0,0.269923756299003,1.1089951475135231,0
6.49358661177437,169.66786774600197,16.65375687485739,0.3560802307929657,0.0,0.27160797386002267,1.1155744926500764,0
6.8917077924716965,173.28850322390446,17.849154344092202,0.3707552489809161,0.01976423537605237,0.2671250820537139,1.10668732592463,0
6.691012116644773,171.64844675602427,17.66622011088669,0.3684547765978654,0.01988499954239645,0.2669414549878052,1.1143446202604363,0
5.956975184115168,172.95456635429693,18.565374056471416,0.36198332555610424,0.0,0.2599390995573338,1.1149790404368742,0
5.832467754405799,170.61421565804835,18.064376906345313,0.36870092007061206,0.0,0.26854457549812294,1.1144971903903553,0
6.581485020338044,169.8756988483449,18.205667231180403,0.3776297707904932,0.0,0.2705597005018303,1.0961119674856097,0
5.209776752034075,168.69782028456925,18.230137204641824,0.366965975813319,0.0,0.27286727800931576,1.0958913446714629,0
4.808942362117538,169.73360255849096,18.183763827994728,0.3662066740791545,0.0,0.28378548327885306,1.111281648404789,0
6.468147151729427,170.50813503488862,18.266620461806575,0.36361303615087176,0.0,0.27991551571331236,1.1037161258793096,0
7.7835803233442675,172.4623566625885,18.115154036698183,0.37758463085645777,0.026938622922018266,0.2688970814532247,1.1244436749540703,0
6.85921751153875,170.9837200134014,17.896209599967783,0.35715930598504525,0.0,0.2697081993596238,1.1365018830892897,0
7.153300102019918,170.06653457209748,17.382256338682296,0.34955466239190425,0.03809696588797296,0.27286727800931576,1.1324352654101464,0
9.323852947818628,170.11205840646056,16.595923769085495,0.35435879826473166,0.02660289614892074,0.2753436284202827,1.1389266155472308,0
8.959970161465481,171.36634244587987,16.824537197569438,0.3571896747225942,0.018811088266103344,0.27636736010301965,1.1384102457649905,0
9.604088268031152,172.4024669649586,16.678798425377867,0.36794595500340604,0.0,0.26500581286453717,1.1337066943109226,0
9.919734957859626,172.69947145868161,17.100478304715935,0.36611195265118895,0.01904848294398648,0.26829640885302314,1.1248194979893116,0
10.686885180031814,172.89388470075042,16.896300548103866,0.36388863895435963,0.0,0.2674070877534858,1.129257043732942,0
11.139437938925129,174.64955611677814,16.546625482666848,0.3482776830589527,0.0,0.26097919726833657,1.1222685794834946,0
11.69864648991239,173.0203430417257,16.063883548229526,0.38182111875123226,0.0,0.2612214307500907,1.1185320536231425,0
12.10653312075046,173.67890541797829,16.32619502513945,0.3653129932438053,0.0,0.26774445808454184,1.1205711145604513,0
11.704597208712842,173.40385696636258,16.28997802836088,0.37228210494476954,0.0,0.263163578877108,1.1189577889061737,0
12.132553580436001,174.1105622500878,16.2097721798062,0.3698552325243267,0.0,0.26084056117115934,1.1243561045026937,0
11.537031529063068,174.20990296164607,16.16153554066214,0.3672801171620169,0.0,0.26232915381002814,1.1217819043615127,0
12.207904495178457,173.47226417424628,16.027699884591083,0.3804450590583971,0.0,0.2612214307500907,1.1217819043615127,0
12.39650386011927,173.66816005642667,15.96286662326424,0.3830201744207069,0.019622937706955574,0.2595820924096554,1.1217819043615127,0
11.623646627504085,173.07797950802365,16.186036231599264,0.3676635615399944,0.0,0.26192529965306244,1.1368138770849419,0
11.80022020448618,173.27611713851417,16.12085877900409,0.3719112482592629,0.0,0.2595820924096554,1.1310680223996832,0
10.774617137969333,173.0016195000188,16.07054231095071,0.36878731619072336,0.0,0.26503741960598387,1.1184990570546605,0
10.774617137969333,173.0016195000188,16.07054231095071,0.37867261598838253,0.019622937706955574,0.26192529965306244,1.1141980872599886,0
10.938390787630494,173.20257506862572,16.006957658474917,0.36921820036165703,0.019622937706955574,0.2570175684893993,1.1126560708120077,0
10.774617137969333,173.0016195000188,16.07054231095071,0.36354272995858095,0.019622937706955574,0.2593376261735664,1.1184990570546605,0
11.915708960684887,172.20273319090956,15.882280023710177,0.377480962959587,0.019622937706955574,0.26192529965306244,1.1179437277623607,0
10.832820027801688,172.9919177639161,16.153121056382016,0.354055231396049,0.019514284806274117,0.2612214307500907,1.1149739685457802,0
11.13529351817757,173.05385180796372,16.34878143316195,0.37010198785596504,0.01988499954239645,0.26319394074255076,1.111569347654704,0
10.850360224049043,172.6015006931102,16.536639988050915,0.35704823079847214,0.019514284806274117,0.2558346971968585,1.1189577889061737,0
11.688789244884662,172.71240957805486,16.65680583508306,0.35724541586495,0.019514284806274117,0.26319394074255076,1.1082987028361164,0
12.502895964974343,171.55092955690102,16.782945979811263,0.37194793777255764,0.019514284806274117,0.26700543059077214,1.1268035658077236,0
12.336788402875404,171.213896471438,17.10467069741326,0.35805126393176057,0.0,0.26600280992046416,1.1169340271437904,0
11.675447816288957,172.4074100651136,17.229399840084394,0.36278994312037965,0.019400111356958783,0.2590088519034334,1.1115569081323033,0
12.248164280126552,172.23322639842377,17.78976891589753,0.3732974737417818,0.01976423537605237,0.26869639457795375,1.110406111316759,0
11.645537762100567,172.93292336713762,18.373899354294174,0.35980760704685744,0.0,0.26531942058488384,1.1227240332331108,0
12.072958779207756,172.62239780329747,18.865050493241295,0.3791223394943887,0.0,0.2691860211426508,1.1116726067733764,0
12.457540473406262,173.90261247046357,20.00962295351209,0.3672645415595894,0.02039118475715464,0.2706211753074845,1.1283485314131825,0
12.972234158652928,174.48130345412895,20.9348692448071,0.3736533562135238,0.020788268748151588,0.2792411385150756,1.110834997129198,0
12.205468878290725,171.68158531349337,20.942455033679447,0.37242347293107103,0.0,0.30215209848081637,1.1216816548158732,0
11.640055249131501,171.89013389001747,22.286855700651564,0.35269590566211817,0.029507641624432816,0.3204395128642447,1.13484545107343,0
12.02662774760268,172.48083943229096,23.161363228603367,0.3665973738504724,0.020472212475808573,0.3206512931493186,1.1496502631623327,0
11.685159540998908,174.0531886024751,24.49951602357749,0.3735319308984779,0.029260286799032642,0.32868665931565844,1.132603298787713,0
10.646871208501691,171.07367114876553,24.835462249863536,0.3627176605212829,0.0206901472150592,0.32628208150749716,1.1368868179675569,0
10.880021301491725,171.62170350286266,25.549345388491695,0.352414727349044,0.02108653748577924,0.33469235201662645,1.1419506014331575,0
10.77536883816696,174.4117551951294,27.03890632591976,0.3554494564038564,0.020896918976428647,0.3278314847421403,1.123571915335654,0
10.715622126574337,174.08767011600767,27.522122633050095,0.3646313165502239,0.0,0.3297927622331084,1.1237111927159524,0
10.315551234739722,175.1827714411521,28.279485407731844,0.38351208277804205,0.02900073952828708,0.31149402562882195,1.1227935526813486,0
9.794435320212852,175.35134700881227,28.660398915982963,0.37509661736271666,0.02900073952828708,0.2996338077835925,1.1218595914052558,0
9.740867896991945,176.52355619051568,29.24929108146783,0.3860974560729213,0.019952172111690553,0.2938521386199483,1.1100546561541715,0
11.10112284224814,176.5441274028632,29.340230552589706,0.35396812288817914,0.019760376304381096,0.28692705786298617,1.1129744468720122,0
10.17743504289992,176.49371580880742,29.89300643568359,0.35396812288817914,0.02821663239915502,0.28743004618805973,1.1111225333127877,0
11.120324469271399,177.39568129624996,30.454753731451184,0.3557988418738478,0.03952075260876219,0.27418095630333317,1.1325217878902003,0
10.304879622428764,178.61312181081277,30.711037269090582,0.38117772374733133,0.019760376304381096,0.2710427121244742,1.1143261684652064,0
11.349390334700281,178.69446144608577,30.666889249685866,0.3612121908765131,0.0,0.2733673808461175,1.1162764158966054,0
8.906415963400221,178.47345527716232,30.53629247634563,0.3619781024183353,0.019760376304381096,0.2695044709710274,1.1060470088773733,0
9.788778583309874,178.59973060036037,30.573294416195495,0.37500343546356396,0.0,0.26050194130004994,1.100505171978301,0
9.573829189845988,-179.99702360783124,30.212230720495693,0.3654656600182859,0.019760376304381096,0.27009453988878157,1.1191310590299035,0
8.496381463230367,179.62572441815763,30.66436039822903,0.3748132896546395,0.019566512004870806,0.26208842355496553,1.1049076841307988,0
8.60905100549547,178.04536957272478,30.471697917089372,0.37043842750124545,0.0,0.2651029039332671,1.1049353418771166,0
9.081801017577845,178.15458181215553,30.069335934804368,0.35925392965259884,0.018925279102611613,0.26295402904089427,1.116346723732333,0
9.081801017577845,178.15458181215553,30.069335934804368,0.37542474180627416,0.018925279102611613,0.2563686548637847,1.1043677788676294,0
9.790268841260486,178.61246273017522,30.050736923719047,0.37259467988685413,0.019241446072101123,0.2599639834805535,1.1120713577898202,0
8.525714653670953,178.51692621619887,30.295652344083308,0.3654656600182859,0.019566512004870806,0.2641953553745707,1.118230737663017,0
6.947204335417982,177.96490704266168,29.998583405533896,0.3768430995920217,0.0,0.2670659217979868,1.1011790018431395,0
8.183075560828009,178.92760500273647,29.87934569448499,0.3688410763969674,0.027945392167251684,0.26240579592990704,1.1242901302339745,0
6.850039890078564,178.21392623873825,29.84139681091702,0.3759603751019337,0.019425717247145282,0.2632628708439559,1.1187361996709937,0
6.150690465300666,178.16777385984832,29.671294917185296,0.3637005608677535,0.04343722427630694,0.2602590301542917,1.1154292059501085,0
6.4231933697664685,178.24275403416488,29.412274582163423,0.35580091883139847,0.019425717247145282,0.2602590301542917,1.1089044852034085,0
8.682100010281642,177.82453096295936,29.097328763592348,0.383563610297148,0.04343722427630694,0.262669515968569,1.1170219739471796,0
7.873605464771148,177.7697232094031,28.75076132970101,0.3787761596142092,0.04343722427630694,0.2660908348081841,1.1002493943929124,0
7.776012622655191,177.36180715562648,28.831936366248094,0.37053250519006475,0.044614413140515605,0.26536809812684836,1.11840504763259,0
7.351893265182573,177.36718987897498,28.40474328175995,0.36937503064701027,0.0,0.26390651805341425,1.1083308938484768,0
7.351893265182573,177.36718987897498,28.40474328175995,0.36860659328901546,0.0,0.26074495716475277,1.128683594057407,0
8.209990493972985,176.2314026797933,28.051473280181156,0.3730394518436573,0.0,0.26435958078178884,1.127806988872507,0
9.662057297213448,177.1740025910035,27.785986982955375,0.3795518179212946,0.028484364594794254,0.2650795707408012,1.123546090130221,0
7.449587253645195,176.34697674534556,27.739727924263015,0.37180763492956315,0.02014148736276902,0.26218298645664634,1.1201569807241407,0
8.867717367248936,177.09874275996663,27.62952718829983,0.35363706961217023,0.0,0.26331637233355865,1.1398575583182644,0
8.964088957343195,176.90201086634568,27.27911652333912,0.3726483747600545,0.020327890704543543,0.25508382903309695,1.1075825367533652,0
8.878940843500189,176.81851515344712,27.388537350757908,0.3672785367858421,0.020327890704543543,0.25508382903309695,1.118262777002873,0
7.340520889236201,177.20286821531803,27.5588876337963,0.37114916209771465,0.020703445650635786,0.2581637400943986,1.104253247401726,0
8.561983909870731,176.16046709804033,26.93441138622822,0.36895824521895104,0.020327890704543543,0.25508382903309695,1.1169002327937283,0
7.855315016707271,177.33734836844138,27.15629560414951,0.3638407361940039,0.0,0.2616784183613678,1.1174714833216275,0
6.233712875498322,175.66420127500987,26.528125723242134,0.3756685756315355,0.020327890704543543,0.26003089656247824,1.1090883212765739,0
6.731758377086064,177.40190094671584,26.868035468010657,0.363405611701793,0.020327890704543543,0.26062660071357735,1.1085566164344556,0
7.116561357008219,177.41543181535832,26.902634597281875,0.3668379782044082,0.020327890704543543,0.2617215567128705,1.1193817241123454,0
6.855434145315033,177.77149184594265,26.334756538453977,0.3638502869192196,0.01996409690931557,0.2628074243693733,1.106919590281307,0
6.091525216677981,177.71331262775044,26.174343898831786,0.3669144983514222,0.0,0.2622470102165827,1.10966915346733,0
4.811282865863375,176.5638858244828,25.74562337474383,0.38096268535007827,0.019611613513818404,0.26005964415610655,1.1070557505802245,0
5.556826814063619,176.7137611056154,25.62134612999181,0.3730610394067142,0.0,0.2618453003233483,1.1264593753217458,0
5.492161927554957,178.01087761280672,25.729831783986253,0.365769547883781,0.0,0.2609335874205099,1.1220634856378426,0
4.634101523148797,177.3320277531922,25.770731379938162,0.3854278965495178,0.019611613513818404,0.26166477798203364,1.1110088152214548,0
5.492161927554957,178.01087761280672,25.729831783986253,0.35948237271389444,0.028478588590558702,0.26110680042405626,1.1285625524124576,0
3.9592297660044,177.7316145607676,25.595725288214602,0.35402776047273365,0.019775826170935523,0.25749351788764996,1.1201971155147987,0
5.657335021510637,178.68793188440316,25.813484512981546,0.36544679872325087,0.043852900965351466,0.25963726126007164,1.1201971155147987,0
3.9247878684900797,178.2613559036519,25.540876805763936,0.35633277802083513,0.0,0.26066840376360934,1.116117759712711,0
4.243240101674523,177.8765120047875,25.344376659608194,0.3700674687773384,0.0,0.2649171132754675,1.1094320077449216,0
4.243240101674523,177.8765120047875,25.344376659608194,0.3671862305429505,0.0,0.26196987824904533,1.106210455333738,0
6.323928527456428,177.90969054833053,25.026162030030868,0.3628134213706192,0.0,0.2695823622028557,1.116900335986304,0
6.393012913150203,177.93707826851752,24.922050921017142,0.3590252183438978,0.0,0.264164416701307,1.116900335986304,0
6.323928527456428,177.90969054833053,25.026162030030868,0.3706085065305758,0.0,0.2674504003436154,1.116900335986304,0
7.013633914354451,176.653660056601,24.8193791339239,0.37376489944166014,0.0,0.26308477283160947,1.116900335986304,0
7.013633914354451,176.653660056601,24.8193791339239,0.3709114430521715,0.019775826170935523,0.2683413893394176,1.1144993872234092,0
6.155612858563628,176.38640255217334,24.9086405834211,0.37469964607889295,0.0,0.264164416701307,1.1144993872234092,0
5.9165120331588374,176.60453949889086,24.63063058958625,0.3831270559472299,0.0,0.2653944950415766,1.1041865577955674,0
4.666052183612858,177.5344208741032,24.779698794013722,0.37376489944166014,0.019425717247145282,0.26036424476236264,1.116900335986304,0
3.7381856632180943,175.72135224055006,24.201817978231276,0.3684341090128406,0.019086611143795607,0.2631578092881767,1.1129095831987077,0
3.3954978964490192,177.13296721156343,24.232069152805636,0.3652512305713145,0.0,0.2660798678165655,1.1287890915865744,0
3.6532449580932713,175.55031235845254,23.424512411081455,0.3687281043988525,0.018894849871330582,0.26244973904202085,1.1142173095672852,0
-0.23416743203839013,172.708903958813,22.928842091701306,0.3688361072078449,0.01825437644092281,0.2571177376304496,1.1022257309515755,0
-2.2550957128808364,172.29054112883688,22.548259512141684,0.367832941290144,0.02538365412834048,0.2587358858008506,1.093133474830493,0
-5.251587849218255,171.91098753249875,22.143561498594426,0.3599059624416993,0.01708715315433522,0.2630019631322414,1.088955695205254,0
-9.011707199066064,171.3566688384364,21.26953508817389,0.35668941046062447,0.0,0.2616587370037956,1.0773703593485044,0
-11.691372288390541,169.96548453477735,20.01007462976064,0.3463030251417334,0.0,0.25467412609086904,1.068921465480142,0
-13.581762872120972,169.85923214964032,19.370220535598317,0.3671006345553923,0.0,0.26660414735082755,1.0634437278996824,0
-17.900340121835804,168.81290966297396,18.76041120711568,0.35939508729372005,0.018004141428847736,0.2673886228416309,1.0530507654417316,0
-22.074210580255045,163.84335927414617,19.11398809931307,0.3520384085690194,0.019086611143795607,0.2713865041276352,1.0208492599091592,0
-26.27750029489654,160.3618215385265,18.80454012745671,0.3692415263521317,0.0,0.2849364754853832,1.0346008311621535,0
-28.079026079858536,158.64341746642955,18.093006165662363,0.376969542769625,0.021242964433104368,0.28069590171609565,1.0374480188113715,0
-32.43030487225314,157.6055902892112,18.320256298848065,0.3742220942916651,0.0,0.2960978442459104,1.0320243314487296,0
-38.052608950491106,158.27050741807196,17.938682756822303,0.3892513867450996,0.0,0.2946588077180155,1.028416011225004,0
-39.783813010391874,154.2951460448281,19.063119803051258,0.3777742562167096,0.04996877926639076,0.28224655851872943,1.0044178283058316,0
-50.24586005022271,151.5746305618038,-158.54205544339004,0.3818118423610919,0.0,0.27734709347584585,0.9709625909514334,0
-54.31626348324588,149.44611403161383,-156.63428600307887,0.3858122365205121,0.0,0.26482246240680285,0.9653065052983096,0
31.303407204489883,-157.621662639276,-171.13903836510224,0.4019499466465427,0.0,0.21867306792334804,0.9669794068729312,0
-51.17562632630794,153.0023468341558,22.75980458359847,0.4059372370158949,0.0,0.21023793790864628,1.079007352866956,0
39.77448578990408,-157.24038838852272,-169.3508260395222,0.4170359316035135,0.0,0.18303135376751373,1.0109284842132258,0
-64.59592731857543,151.4315565401728,-157.70223468648973,0.3974442502328364,0.0,0.18495489187975322,0.9833787082287152,0
-64.13781675873062,149.73196870952012,-156.32401419532488,0.3977131536408821,0.0,0.19719765370795728,1.0327480550170223,0
-64.24363896779467,144.35784173473678,-151.76935974777604,0.3973809426525708,0.0,0.18639376910515273,1.1178432678842896,0
47.66977676573823,-154.35438145506984,-168.6468323157635,0.4037746728875957,0.0,0.17640670233911623,1.0425580173133633,0
-68.1339603216807,149.50967051406062,-154.906632408232,0.38080403479338193,0.0,0.1751254969839621,1.024154429213868,0
-59.33244238764814,148.78686478745203,25.90707506973349,0.38414880093958315,0.0,0.18656333152580742,1.1007495730581855,0
43.89748105654692,-125.5194458494976,-147.91348375924647,0.3793213526748391,0.0404888165089458,0.16488023781468525,1.1436745438352207,0
51.391465480048204,-148.43764625411418,-154.86494760341185,0.39400237750443245,0.059496411730872965,0.1820739434423764,1.0566507824596394,0
-65.37952671846796,156.90830059597442,-142.01525317396298,0.3983218269867329,0.18318582636182792,0.16747856284460255,1.0094141607478713,0
34.51220257402399,-155.43675169341648,-125.702077227444,0.41799593881685426,0.0,0.1313209409099627,0.979922300348386,0
-45.299520119201084,164.8172177315814,55.60750655683798,0.3971558797884736,0.03307706008278112,0.19000107013915957,1.060246957986881,0
-46.88050603354952,171.74782537792152,51.03284450620309,0.37319873407435883,0.0,0.19141055167372611,1.0253828635955013,0
-62.88372223862274,154.36923441419484,-128.88470728837427,0.5134520827737499,0.0,0.19632025954606955,0.9003776450688252,0
-60.93511272605407,148.436327569817,-132.79206760345346,0.34955960412730425,0.03333333333333333,0.19489598551594087,1.0330894078852944,0
-9.501784928128046,149.3147985185484,-127.87491966928893,0.4343402823849183,0.034964180063753285,0.18755496612696698,1.1654482580255547,0
-67.75501650907198,146.19505535139038,-129.5866607036483,0.4399646590291032,0.03596750006328032,0.16502128535353594,1.0652996422804537,0
-65.18859622601772,151.89584415318473,-126.16649036239718,0.4652551071946437,0.045454545454545456,0.19788286461101023,0.9796905441708554,0
-65.78776851169876,155.47879363764116,-127.17032046299724,0.4239773670096917,0.0,0.20733099898647323,0.9995893792462123,0
-65.90907613552152,151.39896848454043,-127.79002859210445,0.5544471602187075,0.03141921118033474,0.196126453507376,0.933519545100823,0
-65.02957742309137,148.2031510920862,-125.35745798148301,0.490231132564674,0.0642824346533225,0.17742106214611061,1.005610224052692,0
41.62708421908914,-154.29622483158963,-139.67666239235402,0.43146972005570483,0.04163054471218133,0.1825576352639229,1.0203874374692377,0
-65.1448122648936,155.73649528900677,-129.94472410291806,0.462947418285547,0.04343722427630694,0.21128975190151364,1.006209000793871,0
-55.27499160475595,160.52685884663794,41.93401228043827,0.4029867572165886,0.03333333333333333,0.1778996992165766,1.003851856525406,0
-67.95168569686015,156.6480754819515,-140.8533091071514,0.4659965235497156,0.0,0.18759888848301218,0.9047480977591822,0
-66.65511524615522,156.2590309847138,-145.20423519432268,0.4032139509958097,0.02795084971874737,0.18312469587214286,0.8997313325418368,0
43.75864297447389,-156.0894726538783,-159.71135174795168,0.3789587856144585,0.3427198514117969,0.16861475133185053,0.9624175590467625,0
-33.387594450459645,-149.20688362692925,-172.07840029318587,0.3907296022739233,0.17061532475453633,0.19047829623746468,0.9244141947083317,0
-48.786239536464976,154.52097003954756,25.14872907800772,0.3908223878766166,0.0,0.1967892399837656,1.0530152571813736,0
-50.34018674193317,153.47058877926256,-156.19295701335625,0.38148492272692913,0.02874797872880345,0.24016587681143736,0.9804454716340342,0
-32.99403665609253,151.60836006756955,22.276043723399685,0.3660649105454018,0.023408229439226113,0.2622251849833504,1.0014820556471284,0
-28.81767264310798,154.7074876953411,19.209114597351505,0.35245200685905553,0.03167826215286422,0.2565930013681357,0.9893631457822947,0
-26.237659606387382,159.25780358662874,16.037391795518182,0.37006556627999904,0.03275608910402092,0.2663641503648991,1.0208533271771651,0
-22.405801007479855,158.87739070535844,14.166025916124848,0.36590342727565417,0.0,0.2566409863037221,1.0221203857006527,0
-15.868756889413504,159.9664732423019,11.409501866562222,0.3597918987195877,0.020203050891044214,0.2530193826303952,1.0585601194178238,0
-10.717762696507993,166.44036200544843,8.349852577287118,0.3632939607702687,0.022086305214969307,0.25284287979955045,1.0646704727244836,0
-2.5283075761489684,165.93546395897988,5.980244338503073,0.3613194667316645,0.043314808182421,0.25663928598945046,1.1005149562038536,0
2.5608772394391655,163.10368017886032,4.70348322787343,0.36467994164115225,0.019547811329657872,0.25754913836501964,1.1177978738860694,0
6.367393069093865,163.08972026681815,2.5384102675408067,0.3759656333770929,0.019984019174435787,0.25814880482333447,1.120226014623226,0
8.212344294735633,162.60945139672117,0.8709704632232445,0.37635617127501897,0.019230769230769232,0.25972940587773813,1.1294044723992918,0
10.76052328935961,161.07151139546164,-1.1987688291682905,0.35271959729603075,0.019216561050602196,0.2599834945766131,1.142986692642641,0
13.271503539696337,162.6419442128627,-2.2851715166700344,0.3415518425730616,0.019984019174435787,0.27197502060899986,1.1347712641897196,0
15.838490707823972,160.88938691808542,-4.122813564291566,0.350714336760349,0.0199363055707225,0.2721836762567384,1.164253939533428,0
18.271524707083344,159.39967315781803,-6.158939997557297,0.3626960608484484,0.0,0.27598726691252945,1.1743528873689169,0
19.709466059019032,158.56522201572474,-6.815168761172441,0.3624706845220096,0.020721216851891204,0.2699501878707133,1.1737789351669514,0
21.621331583239176,158.4597572207841,-8.135992656712864,0.3567632664328786,0.020256865075416467,0.2683967280360917,1.1979161803619445,0
23.360096012933205,156.57094125242628,-9.674137659247274,0.3596834444030829,0.04298342771041789,0.26151638888709383,1.2028934417295856,0
25.43481050612988,158.49473231664038,-9.673451651761052,0.3626236131530738,0.0,0.27108900670643343,1.1918860546349037,0
27.33065411496975,156.68242310054958,-10.68032593943471,0.3650349562701134,0.021879166839686815,0.25496936595712005,1.2567966832438549,0
26.591641893648347,156.83036597250415,-11.457034570317914,0.37149658613621683,0.0,0.2677295907781872,1.2202705878834552,0
28.117904327223084,156.4804981920415,-12.355127613968314,0.3566920628972634,0.0,0.2643139474054158,1.2208664706387877,0
26.97235245311249,156.61635189262543,-12.0032026712924,0.35841831299783633,0.021334622931739582,0.277504261679021,1.1950884441370888,0
27.387308598974325,154.60337840566638,-13.430938692225606,0.37200247234148187,0.02179068168202045,0.2777998715705382,1.1918766579624616,0
28.892614213816074,153.40426962588074,-13.881120626976056,0.366605934651294,0.0,0.28187967948395126,1.189904459136857,0
33.54257921469722,154.67113251055852,-14.346312379433995,0.387403527514472,0.024253562503633298,0.26135227193772476,1.246610943173201,0
39.20720220423131,155.73308125466968,-13.838779643434524,0.38679537444600387,0.027671226645624276,0.24645083838439868,1.278184612258984,0
64.47968487312006,140.69029173484816,152.3744266228359,0.37453544446781495,0.0,0.24119015208492814,1.262916915470814,0
45.67979578070214,156.16637233900897,-14.750774199928076,0.3982573507415819,0.04254356298115171,0.21779674533677248,1.317102926319473,0
72.63203794558535,133.44945815861536,143.11165074298168,0.39132722446673285,0.0,0.2144505211539652,1.3053150151968644,0
51.57216414039246,159.83173040365764,-15.051706905423053,0.38421792702415875,0.03220783132004154,0.20277021238819873,1.3117807995104187,0
76.55094163125742,129.05286091292942,137.0807948097794,0.4636724508281125,0.03293324609693921,0.19413031276497825,1.3454901909686334,0
-7.701280627254983,-2.239308375105826,19.319616275481657,0.3895955733564953,0.0,0.18460424781365095,1.2687306816390418,0
-11.580574222839896,-166.86517605034334,179.120722445997,0.42432413962108406,0.0,0.17609273454269958,1.274838799125677,0
76.73730844361285,127.33564588470823,129.37091069673124,0.4508459523462589,0.03434014098717226,0.17510658027019452,1.273085941183147,0
52.499348364478756,164.35667947405875,170.84112326968074,0.39855755950573923,0.03542181734879073,0.19048942025983315,1.285211659802536,0
-12.575725984328624,164.83321578348003,-170.05220475370592,0.41024600809700534,0.0,0.18117307530283586,1.2671443602097126,0
77.90829163528919,122.2728775365692,123.43530767711881,0.41687764257195026,0.0,0.18416262254825116,1.2944378944982404,0
49.791913044681365,-104.5455814075,-128.32228182581383,0.41613912770936856,0.07142857142857142,0.18117956833453214,1.1002056630954753,0
75.35419133989883,130.1573849079219,122.57916852059228,0.4322532173103296,0.18973665961010278,0.18869839432901048,1.0752694843819337,0
66.30071379232571,144.52562494751,137.4208916103399,0.4365651123677977,0.02795084971874737,0.18732897813028332,1.2460631087964318,0
67.05381031117787,145.84754862410477,135.31154209852087,0.41812587566527804,0.03901371573204352,0.19431233414862367,1.2777802394118545,0
10.223432064075087,-7.846770556866346,1.8308551029816875,0.3653706379445412,0.04432422071779363,0.1938009621758165,1.1197042314907815,0
26.429710519470113,-162.5944030733542,-150.30181646780227,0.38487482712985155,0.06674086442659999,0.1897356044915296,1.095218573791956,0
81.90412390579209,-170.9326503485842,174.87006106083098,0.37358525219470073,0.05177803730784978,0.18555345492675068,1.0029819662625987,0
25.221668906009626,-16.07519979773167,18.561887288975115,0.38522785669764736,0.047863877241182545,0.18985749229989476,1.234368065990314,0
75.97906273482509,131.19853254155336,126.35312118447851,0.40536788593760775,0.030949223029508647,0.1855280744953889,1.15251938710805,0
-31.27249985791695,-112.0984622285397,137.25291869272021,0.383829508409279,0.0485071250072666,0.19129480564447923,1.2593516162791802,0
74.14721742261965,135.66800872820568,129.87184421457246,0.3938714567294351,0.028295591748714637,0.18644030807994103,1.2388576923022936,0
-36.07707357607495,-148.24447381485598,155.4317454754438,0.39915420714564487,0.02795084971874737,0.18570301987779056,1.1290128698271453,0
73.5725438901566,133.06653940890976,128.0333627045611,0.4134825536370577,0.1345345587992625,0.18160419027556163,1.0935193632639015,0
76.29131370152976,124.24957183122547,121.30446473873936,0.4172800385133779,0.032826608214930636,0.1921512220204991,1.0526712138781331,0
-30.479613128316696,-132.07248359180196,141.23891103686688,0.4176734739779783,0.0675429033697874,0.1829624289669455,1.1403544382599757,0
30.498755662081813,-167.59555624086983,170.63772928944255,0.3876217912441666,0.06576670522058205,0.1914898302956185,1.1068869520910622,0
39.0990934602458,177.4805197834992,166.7189410099731,0.4313553452712924,0.06409729662532915,0.19159054131291833,1.1167839158419985,0
16.233465626411974,-14.000830981243213,0.7881479474989381,0.38870164860666157,0.08904292346963807,0.18772443145668083,1.1180298115724145,0
55.41563077710503,2.8743733200733623,-19.361372106187588,0.41980627993306424,0.045175395145262566,0.19373967620696728,1.179538848389103,0
50.567263171162814,-172.90953739033043,171.90284984551693,0.407287913306318,0.03146583877637763,0.19137753715720424,1.1310853588632777,0
81.81020383759186,102.32059433017065,60.90901234327975,0.3853268637391821,0.03429971702850177,0.194785295447552,1.1703380792129083,0
71.78254961167617,132.60935218085788,128.963564781091,0.38617308705741615,0.027586862953412266,0.18739461927545928,1.189219852972689,0
73.5349075248717,130.839142300191,127.69126220227234,0.3721338787706656,0.041576537496303176,0.1902763147742923,1.2067056189587775,0
73.24431449881105,136.1391455686825,131.21105840550504,0.4028910749239307,0.06327086661370808,0.18230229534498313,1.1452697813532822,0
16.353696530167444,-163.0544080758487,169.48886799757736,0.3925754524867911,0.14865882924943327,0.19084794412902614,1.0830879635267956,0
74.17807620105489,128.09582973728018,125.67375921570007,0.3573948107369777,0.0675429033697874,0.1932506239878928,1.122784531730423,0
-41.60031004971704,-158.92789411621507,161.4852637412114,0.3741011846681712,0.039451492157623586,0.18876937513257894,1.1952596175888606,0
74.376453341583,130.0568451201588,127.91002378554714,0.40429208757404,0.041576537496303176,0.19519141074306195,1.2111270559998601,0
1.2419665801922382,-0.5780809472730939,-5.919918753677513,0.38447527278923294,0.07340252743933794,0.1876055596367391,1.2317926127935235,0
12.394800720045552,-15.867663055418653,-7.048446557355466,0.39310728095158703,0.08508712596230342,0.1890591829998005,1.1603783452479726,0
-3.933521707649606,-9.348990799450721,5.703320277904163,0.3681558881465574,0.046423834544262965,0.18519983243201185,1.196410198980129,0
-45.006456020304846,-159.23991301582836,161.11014421991553,0.4024839259707171,0.042993358039234784,0.18300219644127474,1.2126142670153153,0
73.33941506702543,-128.65617684014885,-155.23172260232425,0.38674221306108436,0.041576537496303176,0.18266662262010314,1.1530926813903486,0
-43.12595845482351,-158.02569070726076,161.41392370775893,0.4218563872314714,0.028194193721730047,0.19020120606672716,1.1437378232513997,0
-42.643431305856126,-161.76189141411675,160.20185746099452,0.3967217865765219,0.042070316191167134,0.18343989142251801,1.1493923813247362,0
0.6242856759979799,168.1184634852178,129.00067168595265,0.3930981053445919,0.08063467359130037,0.19059641537343597,1.16219966267899,0
48.98936830510644,172.71981499343627,166.4468274511342,0.3785584364012041,0.047010049472226846,0.1841480975710012,1.1430013155214929,0
75.98606401082849,128.9730173291113,125.37149996109582,0.39198502296469007,0.045175395145262566,0.17646964186550645,1.1726864737653322,0
-44.550322878383625,-158.19776757156922,161.5912739989758,0.4298483186286882,0.0305851875103308,0.1908383342550833,1.1808308704557995,0
50.60284307644576,-173.17809402973157,171.6456122353015,0.41626991849281736,0.0675429033697874,0.18940892575490384,1.1444491698176582,0
-40.11597091550545,-164.2492115496362,163.12164331787343,0.41412681357596176,0.16413304107465318,0.18713690266912753,1.0590205893473272,0
75.09867471476096,129.5762107653573,128.71594195477607,0.3906671804590315,0.0604122093330177,0.17781987548275593,1.129465046974566,0
23.90993758398884,174.49113075835484,-177.3175606789794,0.3737954323610059,0.0,0.17455816037940922,1.0963018685696044,0
2.3746625095050753,3.768885526884347,-3.50987498473281,0.39042557165185576,0.0,0.18404110305189392,1.1623819872931296,0
31.585605185510254,-177.69251173746133,173.3722565330323,0.4265331438328037,0.034731435582359395,0.18325557861222183,1.1223659174707332,0
43.03927305275257,-178.15588964452115,-168.8398928845512,0.4057167692059019,0.0,0.18307597813276782,1.2692310463591252,0
-41.94453314993835,-159.13783443011755,164.07914551659533,0.4238663467308392,0.030082841879809342,0.17646184344477428,1.3268780599685495,0
75.09897156016778,134.51217960692077,134.67237957981862,0.41484554932911116,0.030978910540439487,0.17797387939520296,1.2325837839988278,0
39.54251494796195,154.40210419824118,154.55160569512802,0.3818961600083691,0.0,0.18418442054824644,1.197408801378059,0
-3.5266797128264455,-5.925038523345603,1.7382346172818264,0.3714218401505086,0.03513641844631533,0.17666304772786,1.150307080769804,0
-72.67955173554729,138.67590052606,48.03514413275408,0.3887408743424252,0.036060922298730945,0.1782139352490877,1.286436088222195,0
75.67925863754446,127.72141248509185,129.12034705205232,0.41958598289121396,0.0,0.181349772752189,1.2499228890222995,0
-42.979059930085725,-157.0587059194721,164.12022560874286,0.40011812305788236,0.03324112476572668,0.17688574197373838,1.2381055183937302,0
27.72875036420719,165.30666043623495,172.01334263751377,0.38353897299720396,0.047010049472226846,0.19095176409438697,1.178539582990986,0
44.770856124559394,-177.47729322771866,167.20403204481278,0.3862064419222644,0.02903739520695205,0.18829450138635137,1.1002797687685666,0
40.94152544338099,-173.90121207209376,169.75881279157255,0.3659592436618439,0.041065078117659096,0.1845011462525289,1.1417127710756896,0
29.34656327652328,-176.3411839849975,169.09193381741906,0.38210593617170424,0.07856742013183862,0.18477658137623648,1.1805302967352782,0
37.260284806840204,178.37229089220727,177.5185473281395,0.41340609852526894,0.05140046620434272,0.18945281597154226,1.2762286187376986,0
75.31866107023765,125.85324853044213,123.41536811569269,0.3813516196282468,0.0305851875103308,0.18871973761647018,1.2341679575913584,0
-45.790153670933485,-158.36162577824902,161.3058583824443,0.4026443500985063,0.06651901052377394,0.18302036249403295,1.2286135555970805,0
74.31164521805654,131.43719681973914,126.87764964902456,0.3936792637332277,0.046423834544262965,0.1850629675879574,1.1958280340378427,0
0.6548685678924291,-0.5499403075104581,-0.14685213418317944,0.37831570629054423,0.03542181734879073,0.19061681077374823,1.1730502492091712,0
33.55343634299844,-179.89722203223278,172.19199288338382,0.4105321932670264,0.049117667241260154,0.18852527370149522,1.2710839854113831,0
-45.299146476850986,-159.92322233886668,162.34122217727355,0.3773691078632829,0.07432941462471664,0.18543379307585875,1.1811172543189783,0
76.4513340795521,132.00319776475172,129.4029804049791,0.3812252190966764,0.03259906833194042,0.18998338023534905,1.2302027686570172,0
48.319470855702285,-172.74514471209332,173.1366027756426,0.3815784749125033,0.08723732043170229,0.1831324518278063,1.231516262237498,0
-46.662812871098915,-158.1864448559245,163.13589145111337,0.40181179890070834,0.049117667241260154,0.18912457673121247,1.1861319957697796,0
25.771457486920678,178.2198341226125,172.97777638352576,0.39859563455412506,0.05140046620434272,0.20164974895014443,1.2112607992786155,0
46.273395660353565,169.6191942378694,161.74854463390963,0.408223491562246,0.03551104121142175,0.2024484340489487,1.185408566493338,0
76.08216269377138,124.31563694349636,124.1396196302686,0.37709388353560835,0.0580747904139041,0.18574001747811678,1.158508229279174,0
76.82523704947495,125.29503240131653,125.98520183804324,0.40411696918459494,0.09552008998760876,0.19981960240432733,1.1728885801211346,0
24.652435116238742,-18.363450130466795,-11.320511808026046,0.39407860945369366,0.036760731104690386,0.19410356794466213,1.198232906789419,0
16.49000914302733,-166.5411924659565,-179.09861373151006,0.38967876061393414,0.03901371573204352,0.18789086789919118,1.268993930454072,0
76.59398266067014,125.08056423000001,124.41526582294117,0.412459809473425,0.05439282932204212,0.18513974451330945,1.2607905429157615,0
36.25357852636342,25.24633312554143,2.3028410933654007,0.3764280141943853,0.0,0.20109616249223858,1.222882545048404,0
77.18653816909551,126.4449914151354,124.93748721686353,0.40757155732154393,0.03763549647474907,0.19628641976660402,1.3234652725107026,0
76.44977654921246,88.72932171929332,86.84202124762011,0.3862104959332058,0.03901371573204352,0.19581661635403041,1.2516331319736422,0
22.268644450981142,-171.00496606303545,168.35409020143786,0.3998068540979598,0.03429971702850177,0.19684086926511662,1.3544503231399054,0
16.858898246573872,13.180303571643954,-3.9751409646392135,0.3772262896685371,0.0,0.18493784506776106,1.2705494997239615,0
49.07468902584523,176.97834190126093,170.12427900798116,0.42008587245296236,0.03513641844631533,0.192788574862756,1.3330967178695599,0
-46.39800272331947,-161.00726462074678,163.74175226648717,0.41436549646732646,0.09513029883089882,0.18806614780474806,1.2357322721455228,0
-0.7718762324555479,-2.091395751140262,2.427143188806811,0.4248184584419556,0.0404888165089458,0.18507141558215426,1.1255652390118929,0
47.234160645581696,-171.6600495654038,174.7646059865658,0.4203835378244305,0.07669649888473705,0.18647658527176772,1.2445139450524865,0
-45.65964921340614,-160.34472927501372,163.31846736965818,0.4050101294240357,0.047010049472226846,0.19170315878206196,1.2688379944096413,0
37.265955080794825,177.86372905975225,168.38058181576213,0.39416250567340133,0.05322462954123495,0.18066210908604713,1.111625288237241,0
54.15517240583754,167.77658866801625,-20.220521240603397,0.4278638015672961,0.041380294430118404,0.186587025605135,1.24685981521933,0
76.67434050143702,121.94982654678019,121.69612749350316,0.3998181137710261,0.038461538461538464,0.18345973250751355,1.1982066662025792,0
-49.81166267457347,-160.82065437484826,163.98209460707162,0.4173914835977094,0.03763549647474907,0.18308553416592901,1.2394639983966382,0
6.579945881611294,14.087408963931914,0.28220898158760716,0.4121719284246687,0.03429971702850177,0.17748185025491212,1.276263659350014,0
42.548936737350196,173.73361305397344,160.56426979782435,0.42609700355919067,0.05252257314388903,0.17773219465978202,1.1704704257511511,0
0.7150249948238845,1.879765997461998,-0.13473321354242435,0.4095824892200431,0.0,0.1767898981013925,1.3233495486498834,0
35.585851191202195,-177.23243702326405,172.61872029939929,0.40252877650984453,0.0,0.17231676699424686,1.2473874724423368,0
-73.09651735682455,139.06963970490398,40.466122028347485,0.38828202978320936,0.0,0.195123030004799,1.457556860673207,0
76.36597523949523,118.22018547624299,119.47156044385463,0.39060764724820596,0.0413802944301184,0.18382544266664463,1.349421613952405,0
48.50092642786298,172.9564110358639,167.24989982172394,0.42329159222449764,0.038461538461538464,0.19450504894808296,1.3381746173491087,0
38.8157469651358,118.28906725563515,137.70450521539055,0.4050101294240357,0.03429971702850177,0.18134770213996015,1.2720569588592983,0
41.93451617022316,177.45938598677526,173.9144884576181,0.4219712720169461,0.047863877241182545,0.18601536723542192,1.2392942126522675,0
77.03274724464404,126.42737120218166,124.87833789967381,0.4234235438615562,0.05322462954123495,0.18452324294131575,1.1984521944688293,0
75.73226237588695,129.46710961620337,127.62434829883941,0.4161590927229464,0.07520710469952335,0.18315326657499087,1.1772325813707007,0
74.91390544954417,130.2600562209865,127.58958110275637,0.40794514681332084,0.07520710469952335,0.17906655506607333,1.1072024758193928,0
74.75191211566995,139.6931125576244,135.79980255542708,0.38575459964845943,0.04756514941544941,0.18656831513818448,1.1398305019706159,0
-0.854498144964494,1.1132915625926039,0.293376637364863,0.41385641340413953,0.03429971702850177,0.18070569968525038,1.1874401038141522,0
-45.28461649276014,-161.65254441723698,162.9782963250919,0.40279536343129524,0.06797846783154637,0.18493816514032707,1.1900649335966331,0
-44.800076925748094,-162.55753040685227,163.16203679697097,0.4336899284962059,0.042993358039234784,0.1846223231053068,1.2090905609187768,0
76.99841763564494,123.07065272828525,121.86865163655689,0.4299240470134886,0.04207031619116713,0.18075264101315305,1.1918254159920676,0
-73.46363719644415,141.9723033100298,25.31260901319329,0.38605490593534086,0.04106507811765909,0.1912177234330106,1.138992286685338,0
75.495411217257,129.62396031098052,130.28347442498034,0.37239473883419294,0.0,0.20272298443487613,1.3546524000891509,0
75.82391765517075,129.25119664004163,128.71947679087742,0.3889253399634002,0.0851874054619982,0.19917424858808616,1.285750888079197,0
58.99368005489186,157.67397935765888,157.3482683161913,0.41485319200980575,0.0,0.20341636560901696,1.271478617671816,0
75.63911242339489,133.16844703910758,131.777631285106,0.4226828340754048,0.03513641844631533,0.19188986974508698,1.2364011627691145,0
76.33063785812632,122.39039315326174,123.47489757756586,0.4237727231034667,0.04207031619116713,0.18941179503696903,1.199766008045487,0
28.90308626702334,-175.51299276042923,173.64404808535372,0.4093038918660332,0.0,0.20322791144085273,1.289300670778288,0
51.46914402785145,-172.44367896035607,176.26178447163096,0.40135715137489303,0.0,0.19933692740942735,1.2484768560436523,0
50.24461503341518,175.55822512082324,168.6491034564098,0.40044503677348814,0.047010049472226846,0.19457601901271462,1.238686024122703,0
60.17243164817916,-65.61107353206138,-104.48000082801596,0.4184933249755549,0.05252257314388903,0.17872711025406185,1.152556191038859,0
-12.247475948817028,15.629799468575774,11.478006239583184,0.3910586422873267,0.05322462954123495,0.18236555813482178,1.254870045733925,0
77.47843297587396,120.90580367942017,119.14501780336957,0.42254696596696323,0.05725983343138683,0.19497155731060406,1.284035115246591,0
-0.06657828510120836,0.10888368184580832,0.02185568137953405,0.4080827910627389,0.0485071250072666,0.19297612856754093,1.27119429702817,0
0.8347057661054663,-1.239519033812931,0.22375199782619734,0.3970618967235052,0.09552008998760876,0.1897412945041853,1.2065692410667062,0
1.2462768519717486,-175.74488345221724,164.38311433435936,0.4098457358522649,0.11899282346174593,0.18252859164437057,1.303153871879313,0
31.618124935394782,-178.718541631346,171.32891391104408,0.42131933777624403,0.05590169943749474,0.1892490339872977,1.2480448447144223,0
79.18754495171103,172.644166779414,159.97009296941235,0.40303257752981464,0.07322520259382125,0.18914509310265104,1.2218207435410275,0
75.4624279921228,128.8835179727304,125.81034223404467,0.3985195139246114,0.08415552848449262,0.18752313418016486,1.0594810006059223,0
-42.88611347303243,-159.80937612575948,161.13241380280502,0.3853089203638924,0.047010049472226846,0.1845011462525289,1.1875286403922203,0
-42.08895412877551,-160.9979635057448,160.54103372504474,0.38905633328030675,0.040488816508945806,0.1840625552393683,1.1393644973650434,0
-40.88234563228794,-159.8637887256081,160.20674882883873,0.3892085644449479,0.040488816508945806,0.19132918093772897,1.28734202259045,0
-41.34768118453644,-159.17901022216253,159.98097413170697,0.4106678842796579,0.028295591748714637,0.18221163110473748,1.2960675234671486,0
-42.173326917161894,-161.18641209885044,161.544051385718,0.4383467800148685,0.028629916715693413,0.1843205367963846,1.1901254823271585,0
2.197239825790698,6.593697030685007,0.17334088917505183,0.4217248175395702,0.03589790793088691,0.175094483189526,1.2430333700190404,0
55.07705430600983,-159.25825156255863,178.30958514920837,0.3789568420557985,0.07035975447302918,0.18235616730524515,1.1890344835937054,0
36.73880834919813,172.34200855807518,165.83839966309037,0.4378335352048457,0.027896417632583534,0.18780057916467088,1.2552150451064166,0
-42.983280301845234,-159.6551053756178,160.26464471774807,0.407287913306318,0.0694377474537886,0.1884594227799444,1.1931322207373112,0
-44.914906218612785,-159.39264368602247,161.4552302859476,0.43740026953181455,0.08753762190648172,0.1907207137242444,1.2732478108817173,0
75.39214529832346,130.41390642111114,125.77186306200359,0.4374875134815456,0.08753762190648172,0.19429169807987093,1.305746275443095,0
41.53263991107228,175.95934286899725,166.50311093762727,0.4174341977892549,0.0694377474537886,0.19466097916256622,1.2922341256257204,0
39.93922942647285,-134.02645848652625,-153.95286720339965,0.3772669196213642,0.05638838744346009,0.19182643038915886,1.2157614470273388,0
62.746346223110166,126.80720215075142,118.8758289580302,0.41094473641213364,0.0,0.19760776361102209,1.4430074519622023,0
67.06807317704836,106.31818574200734,109.1373614282133,0.43319757796792824,0.05590169943749474,0.19960104746638513,1.3843142140449691,0
79.32990822196473,137.6160140450088,132.2440413370967,0.4289400835533681,0.046423834544262965,0.19288830896366982,1.3421230530205228,0
81.82277511586186,116.10916927590065,115.54601595745373,0.40977744861034593,0.10380684981717497,0.19413890708274376,1.228840837265203,0
36.87816359320407,-168.53065108509736,178.80816370615128,0.4125187273160586,0.04106507811765909,0.2017028062387542,1.3559854831202225,0
44.0492308357274,-123.28714127183675,-172.0453305918045,0.39559319604426146,0.05177803730784978,0.19712547751974693,1.2850076908445813,0
77.11065699335826,127.97463946729266,125.49062364386988,0.4050101294240357,0.0,0.19858480082490926,1.3500311413471875,0
16.23599028973686,17.929278522844427,4.69577977957971,0.4417417484732803,0.05322462954123495,0.18937906004738783,1.2939266586706921,0
39.08538301343744,-175.0858665017246,176.84130195012716,0.4017586409566654,0.0,0.19085931063162598,1.4154417208011507,0
0.6535256336583223,0.9640042801577006,-0.5690419959852793,0.4245365844716516,0.05140046620434272,0.19359233797596542,1.3458092393043533,0
13.169888723719541,-172.34753779265588,173.05180536648515,0.42154765202072375,0.03513641844631533,0.19295279907291457,1.2889993798540984,0
77.63790421100774,122.76902625107877,121.89782089816958,0.40887233232677966,0.09407208683835973,0.19590538852881892,1.2559531790909373,0
56.90209757797194,-48.85539901931349,-42.101825328797744,0.409129888890575,0.03952847075210474,0.19282873367346656,1.3361582821821214,0
-46.31890948407438,-157.71989449061675,161.81825826665676,0.41142430670527586,0.08723732043170229,0.19488915110984212,1.330246239402305,0
-8.871523479118096,-2.6475726374018875,16.102930611436527,0.4024091595994307,0.07669649888473705,0.19376734147055824,1.30851556521706,0
30.09555523036676,-177.20726084536716,168.4858352122772,0.3930839527746796,0.07602859212697057,0.18705500834283464,1.338727162163238,0
36.845888500554075,-178.29428846875376,171.52664040254118,0.3898072891859005,0.08415552848449262,0.19103547354099587,1.3338658438694646,0
31.653070339517463,179.60549812267325,169.84132141385373,0.4070496312044166,0.05322462954123495,0.19515456601026285,1.3441152317720508,0
37.152255058129306,-169.53657786617524,177.594393822854,0.4206888881149059,0.0,0.19356642652710326,1.3729996888949845,0
36.59297433914362,171.51497403720327,165.1452222382882,0.3837096022130901,0.08127127300011638,0.1929938058139727,1.3369221625594176,0
76.38077418050692,129.37770153898052,124.60527400775946,0.4189809805794723,0.03363363969981562,0.19434202740706769,1.4260028389074721,0
33.11350950694705,-156.826746544663,171.35238444264147,0.4425062146947688,0.07340252743933794,0.18668825431687136,1.3613251536006699,0
26.58409201735169,-174.30160360854225,158.99179065326516,0.40174034075323745,0.045175395145262566,0.18444326936380123,1.2033254268436266,0
74.80083169112034,135.66889464966553,124.94667174026993,0.43332659429227105,0.16666666666666669,0.20154856090487983,1.150895710894706,0
71.05580725633747,145.04031753458636,130.85371753974863,0.4387981946790364,0.03800057001282532,0.20052446190764792,1.0353582044034744,0
48.44608753902069,165.98077441409845,-25.583736737607722,0.3811511185919836,0.07039461192102979,0.2039262187586319,1.223870454713794,0
74.69611649679133,133.96966305230006,129.18401580352224,0.40253264819386736,0.047863877241182545,0.20188523319895427,1.1511023967231722,0
69.75928304002963,-75.10353921405516,-96.12942690302323,0.3910722944036039,0.031481427501027934,0.21483991470599964,1.1508397001423913,0
76.75732482287474,127.43111110475702,118.08533418695085,0.43394003994403474,0.04711428474315455,0.2123553444465476,1.2216626072003656,0
71.66619473625839,136.14681877514641,122.91425933228348,0.39785726097108126,0.026870460745022952,0.21453083943789353,1.1638339904602744,0
72.96054930617056,137.236801861463,120.82198174049131,0.40072695307071104,0.1100707219913714,0.23634931358014452,1.0610585932325463,0
57.522567344677434,-177.00976162827743,142.13178465106589,0.3518447322705013,0.07212184459746189,0.2121620122700578,1.1911697637534564,0
78.42767379591245,112.92221459111275,109.12538395860082,0.37175020397738545,0.10380684981717497,0.21756746952146241,1.2676250572729784,0
76.15670885658797,126.57940099258924,117.98714974500432,0.40468289602390595,0.04719291781830087,0.212973895057343,1.2571142620645237,0
74.92197036473569,131.72141254965666,120.01812575319805,0.4188286803596032,0.06826296394121152,0.20400033950437385,1.2321588379751796,0
0.660176282786235,-1.220514137670359,-0.18133255019160077,0.3771960753756961,0.11300503318241165,0.21032151085271303,1.2443911894641166,0
75.55903395227696,131.7409357556965,118.7595552724575,0.46290381910080514,0.1315334104411641,0.21916383861053745,1.2160435268317962,0
50.3551634966542,163.8279508765484,-28.016210080216517,0.4049518510136556,0.029748205865436483,0.21993583300741493,1.1476018992487036,0
35.70671678004705,159.92153714404634,158.3308900190338,0.40104944841446977,0.05270462766947299,0.22213381251459308,1.2208028212173898,0
76.82052090025444,123.41038674202326,113.1060615176583,0.4302591291016665,0.03429971702850177,0.22064301657694765,1.2766367997612171,0
54.337088453799616,167.12223418272268,-27.24242121749851,0.4018876608557129,0.032879797461071454,0.21688207546436125,1.1896022763052327,0
54.40729118501692,168.31859315985102,-27.574164937590343,0.387216201971351,0.043852900965351466,0.21784234387175325,1.2431564598012974,0
-44.171038214005286,-160.81341359466853,155.4307197267088,0.3765238767904159,0.04578685464956301,0.2065899633297741,1.2590912308915267,0
52.40004244319779,168.57409919922824,-29.778499277827684,0.40549827030677654,0.1788854381999832,0.21042280770524638,1.0934632437031757,0
74.50888004954571,123.5477033900091,107.44442942010532,0.4444374792153272,0.12043434688555504,0.21382407683383053,1.1674318598400268,0
-73.91962941296208,140.00247827603928,21.456281222643675,0.40934306142941895,0.05643326479831004,0.19550528201793207,1.433242007872305,0
78.08445479784336,112.37306274203127,106.58809758058963,0.3926054131136722,0.06324555320336758,0.19609766705508833,1.3688949062411866,0
43.68263223387004,-177.2236595683414,165.25175968788085,0.4533824667468175,0.05270462766947299,0.1993246004525409,1.4022933398949282,0
9.16433838729354,-6.631739602767799,1.0164357951052878,0.4083080370226241,0.09871278728065681,0.1987997708485923,1.2943932632077841,0
-45.99238005608793,-163.58323024933225,156.23385364003056,0.400295541027053,0.27653315937748607,0.18965012842635934,1.0017156538681748,0
76.22869865853633,130.9641637241178,116.19490606875092,0.43910401026608825,0.12299834568337577,0.21099286378205306,1.017278724521482,0
74.95862935627233,127.10874317950811,113.64499180126901,0.4395907363392625,0.13435230372511478,0.19343670146176234,1.092004442832754,0
53.64961056490651,-173.77670528209651,164.6854886962889,0.3810102654093118,0.054513926680071746,0.19595256833826563,1.163450488781671,0
55.183455931876814,171.67106854748118,159.86172446750834,0.3573327324622043,0.059496411730872965,0.19787718897458717,1.1847123317712667,0
77.20518890348029,118.15477032299839,109.91274367849012,0.403463111217396,0.05099784538654767,0.1875976743213631,1.0503168104840788,0
76.38444328740832,119.59917740068212,110.21693378285073,0.3745861242162001,0.07572281660192284,0.18241399739319306,1.0136892097484729,0
53.205779094978844,168.79775227250568,-28.60121521623574,0.4065496995622629,0.042485928866208736,0.18981383457557566,1.1086889295386586,0
51.08996027519805,167.80422201600166,155.70298128357615,0.39409884310506715,0.127956226772179,0.20477090073245738,1.0693585380139516,0
73.54094306291827,117.39738077110334,106.30945636281642,0.3921671155897066,0.07324484191363097,0.18142767835676624,1.387704667186048,0
75.3878467750843,112.84736535219871,101.53976294510171,0.42064417263361076,0.04996877926639077,0.17162609798999295,1.351576297884554,0
-73.53582090749273,139.3690306589897,32.085839947723805,0.3916221715433307,0.07352146220938079,0.19291984042502047,1.3362421762995056,0
70.65628263812151,130.42600403060507,117.12540280332367,0.41118473303556496,0.05971878941208125,0.20657122901756841,1.0630715590729163,0
76.00710445660205,112.10381907551644,102.87378204984098,0.42029778134378887,0.05181277601508398,0.18613664958716894,1.472618403931872,0
81.45612812207483,172.91457330284075,150.9302363130085,0.4092815385103039,0.04902903378454601,0.17957471697617758,1.392466040748935,0
-9.751882099918562,33.71936107442679,-12.21905211360458,0.40055297463024087,0.10504514628777806,0.17931806385683882,1.3957448117255222,0
76.13899684773516,114.23092711449227,109.65676545144066,0.39996081207917844,0.0,0.19416835518253456,1.4498306218390635,0
75.84963780238722,127.37794233178418,115.93929578013515,0.42483762223336424,0.04578685464956301,0.19372190522860136,1.2173823207158572,0
-44.990945567798285,-160.56468137125142,156.89480960831247,0.417403315042969,0.07692307692307693,0.19499936214791422,1.1769639276373325,0
-72.96878061061497,136.36602131746307,44.81526163352796,0.4284125619628697,0.0644825880219161,0.1853178851730045,1.3735259367591421,0
39.80422089894889,-174.9677284444232,169.46871404943406,0.40698123372949985,0.036060922298730945,0.19764671798220942,1.3140943320859715,0
46.2911429955879,-176.22209288749238,163.63898010787614,0.37888837411517595,0.0450605909059333,0.1971019997732958,1.2387383463511736,0
74.83610590562277,130.14183398305155,121.0429711682493,0.3849122662665391,0.06388765649999399,0.18304323285517235,1.1213051510168315,0
-38.359493288370565,-162.9831318368746,159.30388538922696,0.3821386540078308,0.042070316191167134,0.18047084425037144,1.063701122928052,0
60.851026235080234,171.83909998328653,161.36709602993832,0.38380322898470165,0.0,0.1880092759871462,1.159457578186566,0
30.73227051443759,-168.2606965533967,171.55124213767132,0.41383590156131933,0.03513641844631533,0.17987446962674317,1.230557681510948,0
78.55634377107434,124.88198022133118,124.02605184999462,0.44396011352342296,0.0,0.18318662970095498,1.2751678792391388,0
77.39235319987388,131.46662455204742,129.38303496820112,0.4109613491088844,0.0,0.20283605008494252,1.4087821780997307,0
-72.98556688426213,138.91796712865232,36.783911340877154,0.43675832472052756,0.03429971702850177,0.20160145065582918,1.3547659731797101,0
-72.74294023780817,137.1777635190721,42.11815316345696,0.40132233235160086,0.03162277660168379,0.2201763748280921,1.4174518866036867,0
-73.32941468520004,142.0705178630109,24.94447391187536,0.40604648631204676,0.0,0.23163407481210987,1.3732202527452375,0
65.81623834203874,144.3032441112511,147.17038400920617,0.36080410513406114,0.0,0.2579697044007835,1.3474906931182233,0
38.50114402072032,160.78275323275193,-18.52438680415047,0.37257645191537325,0.027472112789737803,0.2703244607607385,1.2796672385437173,0
33.506296374489196,160.97994723531716,-17.65048822318892,0.36467214409159726,0.024253562503633298,0.2859255404782577,1.1950518732473507,0
31.58262252513965,161.8697182887863,-17.050030520097945,0.3873589359490846,0.0,0.29519342537858806,1.2125729168177002,0
28.665800049906732,165.09511488745957,-14.787820005535366,0.38643309535034404,0.0233890134862494,0.291479918168754,1.1859270450294686,0
29.007257520584165,171.878686753055,-10.944101039024089,0.36913244215464147,0.03508232077228118,0.31151838886667294,1.1971206260602747,0
25.90441648443818,168.52532683631898,-11.719826860853633,0.37258012154379333,0.024625761678892605,0.2948624190586748,1.20887071673505,0
24.041204340613966,172.84753912757338,-10.120962707742425,0.3699083277563776,0.04503773491110449,0.3066475364646129,1.1733144636052346,0
24.34004184639528,177.88066692372402,-8.660916280992785,0.3786602259282207,0.0,0.3072314621447188,1.1779510067070855,0
20.854845890098836,-179.85315550391618,-6.962961936377371,0.38154171330420505,0.0,0.30525314529818853,1.1587402402183655,0
18.742766543151824,-178.83960899064238,-6.375026175346166,0.3699303977565045,0.022027286681836327,0.32435478553390706,1.1727765484306543,0
17.003022187642472,-171.2921219966871,-4.0977822577606595,0.3807324617574528,0.0,0.32377440706036265,1.153772165308637,0
12.859517020445073,-167.24059995174628,-3.8768223818482017,0.37365964938963897,0.0,0.3631953725924912,1.1225461424453111,0
11.407927740540337,-165.93082420444782,-2.9667752709666075,0.3837759534561682,0.02213494757094859,0.34543312230329865,1.1143244643989325,0
7.611279126050677,-162.30959885090962,-2.914671858633849,0.37485452191181146,0.0,0.3660222884377364,1.1334824602915579,0
8.242976516184969,-163.06564392325993,-3.5515396944981625,0.3811693172468049,0.022633936510629633,0.3606868664697736,1.1215680152807082,0
4.666383053996944,-159.67868208286745,-2.432186204404404,0.38392613820405985,0.03130354305725289,0.36045720097691325,1.1022862805921037,0
3.3950267555027644,-158.93415227289125,-1.6085086112631761,0.38423300542256045,0.06370015422533788,0.35288440249017006,1.093673960623664,0
13.831991460201314,-150.33640891553355,179.87105937863217,0.3845536328166865,0.01996409690931557,0.34213698951891697,1.1104259295073116,0
3.4879775374084447,-158.09870871312515,-1.3947162255379744,0.38204018823677777,0.06377207493722047,0.32862676973262855,1.124320822071213,0
1.9592040874644017,-158.5333373765577,-2.216902275904241,0.377723118476347,0.0,0.33696002622056054,1.1072064576211489,0
4.291188933644773,-157.57413431574395,-1.9428826859491044,0.3880179530921825,0.0,0.32883538106661886,1.1204210852476228,0
2.115207470917911,-159.85083334101776,-2.055700992623849,0.3780486393153,0.020340502363726694,0.3064162501716012,1.1118033028968233,0
2.043376865727106,-158.39848120377894,-2.2319727534862066,0.38392613820405985,0.0,0.32631838728135876,1.0982879124727019,0
1.1573278102841897,-158.28125190381218,-2.203447464411313,0.37616767704243803,0.0,0.3207014737415554,1.113227994887052,0
0.9817458364385957,-157.68332104495158,-2.199878912490309,0.37252251385416624,0.0,0.32036063246782404,1.11856536187561,0
0.308682275726487,-156.25300890890568,-1.7979468960619596,0.3728262615090495,0.0199363055707225,0.33792574899846556,1.1185585139014242,0
0.9925313666091639,-156.0256780980439,-1.8213727060506768,0.36691904885637333,0.0,0.33926644359697605,1.1253524845208474,0
0.5097634943474961,-155.76700394185053,-1.4839497176151926,0.3776192713121639,0.0,0.34303300261626224,1.117461185893267,0
0.27472712000418376,-156.15258411253032,-1.338914172740913,0.3873279745450102,0.0,0.3397479051672155,1.11318224347368,0
-0.9789353022088475,-155.9736042069374,-1.6932955050084573,0.38846084383190227,0.0,0.3414860015621557,1.1214484706546788,0
-0.41766518162749633,-156.46937186041788,-2.1894584695540504,0.38703716250351505,0.0,0.3414860015621557,1.1129553079630177,0
0.04435405901735309,-155.55820643246204,-1.8589401837321342,0.3896135152774703,0.01996409690931557,0.3519432841514371,1.1209404659620161,0
-1.050636681669356,-155.58586360729493,-2.150326382637574,0.38876487768913603,0.0199363055707225,0.35026192233867876,1.10449398672839,0
-0.37910614381003016,-155.97935221925502,-2.3465708408598176,0.38091199924126695,0.0,0.3477218349174348,1.102183485103018,0
-0.6654605036876412,-155.5754685833344,-2.178381604451336,0.3834598934858836,0.0,0.3519432841514371,1.1132189013917804,0
-0.41766518162749633,-156.46937186041788,-2.1894584695540504,0.37280128055235995,0.0,0.346269874401681,1.10449398672839,0
-0.3089680580527937,-157.15001692472006,-1.917295053040088,0.3678579161427683,0.0,0.3498117957391303,1.1197572841308858,0
-0.13618572146777766,-155.9242679313512,-2.2128808198528436,0.3752219435498827,0.0,0.34458757663183415,1.1132189013917804,0
-0.12111413506989387,-155.97590291392666,-2.0721552560919836,0.3734590394310576,0.0,0.34109757267684704,1.1214484706546788,0
0.4419559198618567,-156.17894730033066,-2.0970003273384004,0.36691904885637333,0.0,0.3496910937801681,1.1242090544849752,0
-0.5240973169705598,-155.9917755013,-1.899293731755418,0.3825873942870548,0.0,0.35008930863902343,1.1211048941894548,0
0.8583898779014256,-157.5867988674584,-2.122422523324464,0.38885591661461627,0.0,0.3372186625801225,1.1023584214848534,0
-0.1697368512630757,-156.42379564481976,-2.0557171617913053,0.38313403006068913,0.0,0.3434071327065112,1.1133884593397445,0
0.2749174438264267,-156.31046845418652,-1.9237734334991585,0.3675067052583755,0.0,0.3441956198088018,1.1197572841308858,0
0.5405371786922911,-155.96115588028835,-2.0566945530925795,0.37339339558347234,0.0,0.343333336931926,1.1076687254304398,0
0.2749174438264267,-156.31046845418652,-1.9237734334991585,0.3825873942870548,0.0,0.34567082728147636,1.1133884593397445,0
0.2749174438264267,-156.31046845418652,-1.9237734334991585,0.3809733014787171,0.0,0.34567082728147636,1.1269132186174398,0
-0.14686535598416667,-157.11512421620407,-2.0908643042451778,0.380147476792251,0.0,0.34373347875543925,1.1099728163315599,0
-0.45393835891102874,-155.47803399142092,-2.0215412163330364,0.37458395100292013,0.0199363055707225,0.3381881853264448,1.1157014579315732,0
0.8644714826152028,-155.9447594309298,-1.779424371262215,0.36744241640100606,0.01996409690931557,0.34373347875543925,1.114712588996373,0
1.71352629473811,-156.8111759566398,-2.064793859106203,0.3727577228590343,0.0199363055707225,0.3415770177742371,1.1070203519442365,0
0.9144451356310294,-155.54430702878744,-2.080921411315515,0.37503580162331995,0.0199363055707225,0.3415770177742371,1.114712588996373,0
1.2886636526435864,-156.1102606969555,-1.8455046823579304,0.37332958303134256,0.0199363055707225,0.3359770583343934,1.1064136159374942,0
1.3267723931641036,-156.85812796194753,-1.8908163226466774,0.37447821992373426,0.0199363055707225,0.3363686266976112,1.1091768298578368,0
0.4595080727888815,-156.8898888886466,-2.114064721614453,0.3745132060088984,0.0,0.3359770583343934,1.1242090544849752,0
12.191009024966148,-149.7360817115692,178.8722000490466,0.37386490389777627,0.0,0.2191444407300902,1.1143715226731152,0
13.643945653432784,-150.2992358788541,179.3317696520441,0.38522805111710734,0.0,0.21556427159644184,1.1140431186448436,0
12.814757811084599,-150.53945291588425,179.30830504478678,0.3785525250115206,0.0,0.21596904781226833,1.1008559212145324,0
13.215944777405884,-148.67266416094893,179.182939749457,0.37195441656121386,0.020370021093167764,0.21511681496770776,1.097195977076117,0
13.62156403985006,-148.85841119249528,179.4421339209653,0.37786955495678143,0.0,0.20719077195263674,1.1054979337167592,0
13.62156403985006,-148.85841119249528,179.4421339209653,0.3788607768023834,0.0,0.21099737890101328,1.1054979337167592,0
13.172549820252422,-148.1197458907445,179.20845102101273,0.38686866050395097,0.0,0.2180305422079017,1.1054979337167592,0
12.608937671908581,-147.07622391845376,179.212032027236,0.37698995329429147,0.019547811329657872,0.2049926546061592,1.1091043364840325,0
14.662953927066289,-146.6890316462718,179.78947998404496,0.3727206123633914,0.0,0.20217931081246943,1.1243956992619921,0
17.43659748981124,-148.30813164504033,-178.08922865507162,0.3793297291026897,0.0,0.20136118241036083,1.0993658340653318,0
19.850740326369895,-156.18325369220423,-178.82587169424755,0.3835706210578616,0.021257358312406823,0.2193050532944671,1.1132125446351195,0
7.2165203402605265,-160.6214563446603,-0.5529845011446486,0.3747924468621834,0.15709605590167372,0.2435556108366652,1.1219860387194314,0
7.4756194520495995,-160.97674581729586,-0.5819598326733636,0.3766397863938273,0.023802777946288958,0.2972990762032921,1.1049138481552698,0
3.5499089195470908,-161.6371079271144,-0.6331071569004032,0.3797436304802476,0.02127178149057585,0.3242986283882745,1.1120165751538844,0
8.22016056897984,-167.2854482240978,-0.9417340495262018,0.3858902309650267,0.0,0.3064384400913135,1.1283843637655884,0
12.018696761563833,-170.65782966658412,-0.34511470779578207,0.3906878383302279,0.01999600119960014,0.27598023332450117,1.129469251474541,0
8.436024759078022,-171.9092554493865,-0.7583937093228866,0.372942275368356,0.020815272356090667,0.24219976660072717,1.1126543468725947,0
7.542641317121637,-173.4095992986141,-0.5313218154946553,0.3752016308645427,0.06076810171558113,0.2508070116943449,1.12485546464842,0
7.73452003396015,-176.12682377719847,-0.012004970190474605,0.3720498589889235,0.02127659574468085,0.24432393194373916,1.1095338234598036,0
8.781131439071595,179.8680512420909,-0.5785093297715831,0.37749565877487257,0.019592783347677303,0.2536687713140022,1.1204296037447345,0
9.44241283863082,179.67485598303432,-0.9389963433062342,0.372887923501493,0.0,0.24775611881737009,1.1170611562417299,0
8.885692593524047,176.5729417051191,-0.4093936468050586,0.3698213524177505,0.02719138713261855,0.25326447333385665,1.1293182147350627,0
8.462127125513108,178.53435246057546,-0.4548414419452012,0.36572275202209376,0.018867924528301886,0.2470079297501438,1.133009390186742,0
9.418245667641427,174.97661833131562,-0.4083008252737429,0.36672134386505817,0.0,0.2447802185061138,1.133334867995278,0
8.732316560476,173.36591720996796,-0.8304164154868846,0.37535383231204955,0.0,0.24888296399473356,1.1333903599708783,0
10.300089332075217,171.14189572724592,-0.9794161376735925,0.371496682114338,0.02173399540921557,0.24392706590980273,1.1257322338916702,0
6.621726919081779,168.2839342475188,-1.0060456605331063,0.36917234875808347,0.019227214231343204,0.2402262560485265,1.111104693196878,0
6.3510023348379505,168.87139580044857,-1.1242424250530854,0.36218079349763355,0.02719138713261855,0.23362803435422416,1.1103692910391285,0
5.809974021122842,169.1415132283083,-0.68848208313507,0.35429740398519616,0.02772434865007138,0.24313555234701675,1.1136588724826357,0
7.164894062290715,167.84444065138572,-0.7692328818002827,0.3595352908521309,0.0,0.24251391863477362,1.1121312942746149,0
5.386482004660198,167.35890335126285,-0.7897673240584145,0.368896526995079,0.0,0.24035619369217984,1.1144010923095293,0
5.783331956564718,166.89626551104448,-1.0367623330580642,0.368896526995079,0.01999600119960014,0.24646164649954416,1.1176261668099767,0
6.0358697301828474,168.59395779518883,-1.2337135391757803,0.35171956457849385,0.02039118475715464,0.2432408834716484,1.1234492782219596,0
5.184931393888779,166.28504100337202,-1.2390149291374268,0.3511833958984918,0.0,0.24336973865009512,1.1174944397529145,0
5.239375469192218,167.20197430864417,-0.6023945509641847,0.37019815808498935,0.01999600119960014,0.24730381852378797,1.1176261668099767,0
4.90960970283948,165.97524953354431,-0.6640554332027195,0.3595167292318251,0.0,0.24357170174966442,1.1175815773531257,0
6.059687595946774,167.84484204350136,-0.952414473273547,0.34868067541454095,0.02039118475715464,0.2420026337014792,1.1111922045597789,0
6.055838577414823,169.87487359888144,-0.312483215076269,0.36606098319323344,0.020833333333333332,0.24286303234722162,1.1177839120268702,0
1.5577379042095238,169.69939761729094,0.7554280983417859,0.37116679393042284,0.04165762736367134,0.2660885935217514,1.089396389100902,0
3.8793609334806765,171.49364413168576,0.3901385316318708,0.3604072116908943,0.0,0.24506861164748567,1.1210114554785984,0
6.025364234876102,169.67406532296442,-0.3276706426649161,0.36973634677831446,0.0,0.24658545199418724,1.121076694296019,0
5.164217835821968,170.96903773575653,-0.09955021019794302,0.34971246888458274,0.022216737285146886,0.24111501922708561,1.1145806480097527,0
3.557489998691528,166.59314520544368,0.3652776565095348,0.36895007470760477,0.0,0.25462038443207646,1.104887818119472,0
3.747656598159733,167.15129771596293,0.8013192397815255,0.3580289405396756,0.02127178149057585,0.26051472669317766,1.116828400257505,0
2.938371678363998,168.3404503416523,1.096826021866957,0.36654184019721137,0.02127178149057585,0.25309604430032245,1.1170541680169965,0
5.080681719641319,167.86990206726998,0.6405129445833907,0.3705941252823519,0.0,0.2554403247547307,1.1058043384520921,0
3.295559673600548,171.31668522650986,1.0625947020529576,0.3603188945551249,0.0,0.2518730892835592,1.1072290024513538,0
1.6939344645584284,172.9526300661505,1.9819518186758631,0.35998636180829124,0.022721405353294154,0.25902442647618235,1.1108188584843306,0
2.819498021884146,176.32618018112225,1.678011445207973,0.36580000944177393,0.022721405353294154,0.24947731666516207,1.110943725207606,0
2.6571934223572757,173.21683311295968,0.6612635715462303,0.380355016330208,0.0,0.23731754788550932,1.0858965559721876,0
11.007216602818504,174.41943951645706,1.2443572001212138,0.37306187856576734,0.02,0.24989285634084668,1.0945058638221306,0
44.2892421089058,-178.47476803894486,179.54807535909572,0.39653545077550534,0.0,0.2598463649077056,1.200374359258476,0
35.65678358681242,-176.1984976612832,179.93532987226055,0.371465788932804,0.0,0.23479319204900068,1.1293202449430364,0
22.7971104749592,-178.40197522479934,-1.7808891734789984,0.35661946864932503,0.024382992454708537,0.2545636570526749,1.186916473450256,0
22.849330102440867,179.9849305698883,-1.6559137323210031,0.3524472547910066,0.0,0.2258986662227982,1.1113024093212944,0
18.106145022192294,174.01147124970635,-1.7927918181439406,0.3764763951156411,0.0,0.25489254647603427,1.0927029730415168,0
10.806618627251362,173.1392722426125,-1.7120466167609474,0.36568092824971243,0.024361276856704795,0.2430032519247483,1.0711386390857567,0
8.011415684119788,173.36617930968416,-1.0735388193207995,0.344207989896092,0.023249527748763855,0.2365084810666117,1.091548745554773,0
13.515896439289477,174.83133499079577,-1.386871612466616,0.36033293005764894,0.0,0.2538560428013754,1.0703465252993494,0
23.75846632842497,175.70679333560253,-3.2056512990908637,0.3671327056307837,0.0,0.242595910901099,1.122088530659158,0
29.38269501089214,174.7391331842141,-3.4046956804618986,0.3706864222738912,0.030303030303030304,0.2324559717705046,1.1549400712165814,0
36.89665711765552,178.11820820889193,178.9680389592264,0.350667566962821,0.0,0.23449826180858344,1.1250885849262278,0
36.94473616295974,178.55800585069184,176.75958204656985,0.36436146596020746,0.0,0.22617084909091043,1.1389667568351838,0
35.25090082385123,177.96318683203893,177.5230670002046,0.3568585564472458,0.0,0.23765400889695557,1.138504070096471,0
18.450585111699944,172.8705537642346,-4.782242869015284,0.3660025851398581,0.06043426966215648,0.26645010802504016,1.1236036739208124,0
-2.9053436087433875,172.0365620346422,0.28271376824103434,0.3837075983963878,0.0256326007925508,0.2655223914960835,1.0728530707930146,0
-12.81800317452201,169.39702700581375,4.220252181337289,0.37088577187737104,0.0256326007925508,0.24689241297530015,1.0649341109633315,0
-18.08302246903015,164.3877083051598,3.926246371722465,0.37371660903438975,0.0,0.24906222741055634,1.0590433329058149,0
-14.398002717720747,161.86645331423819,5.470092079346601,0.371008984348019,0.028467047115478598,0.2313307264067181,1.0791565390504476,0
-6.444042935003438,155.92412149465792,6.2798739217536195,0.37156138823704954,0.024929982747211407,0.22477971795687593,1.0769513768396966,0
-5.402279749461457,149.30493632997124,6.628999110203167,0.3619422512559066,0.024361276856704795,0.23265429016657282,1.115307207041102,0
-10.360293646576604,151.6569990643615,5.782507752844883,0.3743610290341117,0.0,0.2211019205922922,1.0713084300154945,0
-11.445511734694291,155.52722508206801,4.346844138684468,0.36898017896902247,0.02171861213815347,0.20109734692016398,1.0955591280977142,0
-2.68328781411863,154.8202855764887,2.238207120885128,0.3727503330762886,0.0,0.23597182986118284,1.0739838348478352,0
-8.534359317045727,151.72181367926623,4.457981872070493,0.37467918204011375,0.0,0.22466527670339514,1.0770238933395058,0
-16.379794003926918,148.42793326718495,8.523978938250085,0.36097966376293666,0.0,0.24957096205235274,1.095441336240335,0
-19.989399900458118,147.81642200045076,8.907898500759478,0.36151601031881,0.0211999576001272,0.24439617548422446,1.0621741901780113,0
-21.105243198330633,149.9767089440702,10.190029172431325,0.3604045910972994,0.023100171634912875,0.21852747919576415,1.094651706357926,0
-18.14113384237863,146.56492574395094,8.654726997398726,0.35050200356902317,0.021157210918704518,0.2264673258836316,1.0891004177425423,0
-19.188775135514305,149.92754640007874,5.518683600105926,0.3777745323414784,0.0,0.2044341015517059,1.000388028898513,0
-15.475810662458006,148.86116351988454,5.396926435155254,0.36666067484156706,0.0,0.213839654581842,1.057048805231889,0
-16.332628522347598,149.87310521504713,6.7101901230003,0.37528317162436764,0.020761369963434993,0.21915223919361743,1.0102339874955402,0
-15.812865254282226,152.69137334508002,8.551160426921381,0.35521726947111343,0.0,0.22852424301931268,1.0958401746502096,0
-16.3965969800525,148.84337982622372,8.120794151675693,0.3657733474255599,0.027597366233044082,0.2625053274292317,1.082105722984449,0
-10.583456200554663,150.75999939008636,7.724802386866302,0.3765773864653916,0.0,0.28516019903502376,1.0734260664856399,0
-13.252914786760801,157.7423797138823,4.987810727776569,0.34588315442052786,0.021257358312406823,0.2909028443716536,1.0429667030738623,0
-5.049756973475303,152.42325898941345,2.455580630694022,0.3632126558721919,0.0,0.2894567487573752,1.0525148456781033,0
-1.2956968542869391,153.65699168855414,2.915688641352404,0.35630979093606235,0.0,0.27462007366527136,1.0643979611083632,0
1.6222059090603522,149.210498915175,3.113685812968449,0.3636770598314717,0.01817881366751496,0.3024175150860754,1.0871862086916895,0
2.063360899294389,152.96211130017426,1.3355144106739183,0.35735047640554585,0.017241379310344827,0.2896312814792517,1.107808870760809,0
5.689132603320611,160.31391686357716,1.68406828870024,0.3725238387677318,0.0,0.2669700356889022,1.080052141021846,0
8.067913463307132,159.83213400396298,0.4807340605400568,0.350756016953121,0.0,0.25932151051069313,1.0881602561496193,0
13.019849984794226,166.24062427131818,-1.6338774588685665,0.3690454661222996,0.0392156862745098,0.24793842722544793,1.1066777595490875,0
16.617668004102576,167.60247567490322,-0.9466829871382262,0.36839098065251635,0.06665021185544066,0.2364449645081656,1.0958228391453035,0
26.25014463347362,169.2155155524703,-5.583917817698535,0.3741955405092653,0.1053507433969748,0.22294749940064226,1.0372983637162636,0
8.930102458784095,-161.92231930471465,-0.80490492317795,0.3651566430850963,0.019216561050602196,0.2648596483860779,1.0695295909323115,0
8.006061679179798,-138.1023783210557,-177.31190411472363,0.37791495295894584,0.015149776296267386,0.25766692723295087,1.0991886572421632,0
7.543941343775324,-139.52933956309582,-177.61027651845544,0.3646800171106792,0.07843717209889547,0.24384313041267303,1.1097517807211534,0
4.4830572908916055,-152.76403606819798,1.9207419263193586,0.38651903769020607,0.04761304988017138,0.2574947139366759,1.0961402819316506,0
4.673993379611194,-155.54621406706246,1.9713207358097455,0.3817475012946887,0.015865023417386784,0.2407828198231943,1.1274742896003858,0
4.653807678689556,-155.09089778646393,1.4780951772381894,0.37784104123246753,0.09504316453590968,0.24513597460282033,1.1110706084262756,0
7.400198811968435,-147.23044737845234,-177.00111863084447,0.3756323979298901,0.1436638972700064,0.25617753480688343,1.1300841310558534,0
6.45457839511239,-149.29335311585044,-177.33082273534802,0.38196146765211025,0.08192319205190404,0.26081707331454923,1.1375300330049005,0
6.469499715383192,-160.6310738966583,2.5435695906735423,0.39168554401197775,0.04993761694389223,0.24678712950015919,1.135499165248194,0
5.920996821792421,-163.1697899450799,2.6132368405176254,0.3895137487835899,0.05081826849863567,0.252671026373147,1.1440615300106165,0
4.159464701690298,-165.97278134340834,1.2910029546007376,0.36711172838324657,0.047619047619047616,0.2581267665496355,1.12204587401706,0
7.751264293496185,-172.08018722455054,1.3989437417952844,0.36826245554946146,0.022806929798068927,0.25755642342264845,1.116947027708255,0
6.832165028176144,-172.997495296878,1.285605819642254,0.36876579319564096,0.023180714250535188,0.25533610942762563,1.1267409711339078,0
6.189987013926232,-178.15273154848708,0.5382156872943297,0.37259415590426814,0.02437936915541597,0.253318571895581,1.1185020117151827,0
6.993063005388246,179.6435321703717,0.5244967377316623,0.37078474179297827,0.0,0.25754668649190676,1.1300904832776149,0
5.699420059887506,179.53735233993802,0.06127585881681401,0.3706400805458389,0.03225806451612903,0.26174556067304194,1.1028631293331594,0
6.567446614376253,174.14554040289312,-1.3615564553032447,0.3642192672581712,0.0,0.2616237254433689,1.1176601934721384,0
6.251319271121257,170.03850779449508,-2.293495337071835,0.3624121275625446,0.0,0.27989122259529703,1.104205636063542,0
3.7046455267643013,165.30855947865396,-2.665972053981316,0.3654181411532605,0.0,0.29335664708153647,1.1046844712331785,0
3.0996693331767347,166.2584576982058,-3.1956294931878184,0.3711862897263876,0.016939422832878557,0.31033994618676175,1.0959247351839159,0
5.175501074249498,166.4615771843563,-4.098819546264627,0.355467656362043,0.0,0.3062041295285046,1.0925879137280667,0
4.375453983843563,165.01767722068846,-3.960495578278748,0.3594989690090806,0.0,0.3061148804218881,1.106738953721843,0
4.1200935018987215,162.65599926581817,-4.3241249947280895,0.3524304487625596,0.0,0.31527154935127244,1.1259580922532277,0
2.8437025527249244,160.29744280687535,-4.564573537777815,0.3501569553933429,0.0,0.3167588319639442,1.1039979857254578,0
4.890912494130381,161.927612398235,-4.9780233872781725,0.34968106204831173,0.0,0.2989568983576845,1.101972943831142,0
3.171615362075213,160.12145708787605,-4.151201496250091,0.3500466865212544,0.0,0.3027211638224246,1.104816009347219,0
3.3599225439118303,159.88696874108766,-3.535108425179366,0.3576287338701928,0.0,0.3102251200569002,1.1090869101309533,0
2.7894174635416724,158.83499670961677,-3.4875568905848673,0.35359908911714344,0.0,0.30582662272440064,1.1032856674666724,0
3.406090612280954,156.5432955729469,-3.5627560918069916,0.371265617979812,0.01815483105328993,0.2995044075378016,1.1042393069329552,0
5.476564637590172,158.32792805677448,-3.3571321921271253,0.3509058026236559,0.0,0.30236474577982697,1.112104871109966,0
4.557386129347613,158.74901808130448,-3.062557508442178,0.35734417497083365,0.0,0.29785069309479206,1.1060873680166474,0
5.243037834397228,158.55817778746598,-3.4734673125585576,0.34569595732182923,0.0,0.3106182851151496,1.094427321732133,0
4.8675163640131025,158.50822638184385,-3.2518102143134944,0.35674553996740377,0.0,0.30434522290546956,1.1041071899295403,0
4.641004941457092,158.59016944053886,-3.0728322115309368,0.34823238491201297,0.0,0.3106182851151496,1.1031593655831007,0
4.65445572202155,158.68132579273677,-3.0635941778154154,0.35734417497083365,0.0,0.31541357163884864,1.1060369145025954,0
4.875613874193751,159.584817550138,-2.933707908255933,0.35447723119508445,0.0,0.3092295921314397,1.0961255518462176,0
3.849515754677057,157.1875266694287,-3.103872351171687,0.36590662092347315,0.0,0.31232202333732195,1.1040162366382127,0
5.390424809456351,157.93986561694825,-3.6429745256386554,0.3485596778606462,0.0,0.30133309088480015,1.103674829698397,0
5.859557237529062,159.05858042703247,-3.776309845068487,0.36361211378326297,0.0,0.3026821835087476,1.1103006439952023,0
4.590263973949992,158.54834424303118,-3.491755811567826,0.35509895872787217,0.0,0.2991872424553687,1.104670405162476,0
4.624267691004254,158.86436175586545,-3.3816619027783554,0.34837047039065244,0.0,0.2991872424553687,1.0984423613795096,0
4.740998043742099,159.83697545943258,-2.73993856229958,0.35844406819235064,0.0,0.3026166889806282,1.1018681996050859,0
